listing_id,listing_name
2015,"Berlin-Mitte Value! Quiet courtyard/very central"
3176,"Fabulous Flat in great Location"
3309,"BerlinSpot Schöneberg near KaDeWe"
7071,"BrightRoom with sunny greenview!"
9991,"Geourgeous flat - outstanding views"
14325,"Apartment in Prenzlauer Berg"
16401,"APARTMENT TO RENT"
16644,"In the Heart of Berlin - Kreuzberg"
17409,"Downtown Above The Roofs In Berlin"
18666,"Flat with Sunny Terrace"
18674,"Huge flat for 8 people close to Sagrada Familia"
19864,"PLAZA MAYOR  (wifi, air conditioning)"
20858,"Designer Loft in Berlin Mitte"
21605,"Nice and sunny duble room"
21853,"Bright and airy room"
21869,"Studio in the Heart of Kreuzberg"
22415,"Stylishly furnished 3 room flat"
22677,"Prenzel garden with leafy terrace"
23834,"Apartment in the heart of Berlin"
24569,"Sunny & Wheelchair accessible"
24805,"Gran Via Studio Madrid"
24836,"Select the Madrid more "cool"."
25786,"NICE ROOM AVAILABLE IN THE HEART OF GRACIA"
26543,"Helmholtzplatz Bright&Spacious Apt."
26823,"Roon for two people"
26825,"Single Room whith private Bathroom"
28156,"Beautiful apartment in Prenzlauer Berg"
28268,"Cozy Berlin Friedrichshain for1/6 p"
29279,"Quiet 2 rooms next Helmholtzplatz"
30295,"PEACEFUL FLAT WITH VINTAGE TOUCH IN PRENZLAUERBERG"
30320,"Great Vacational Apartments"
30711,"Sunny bedroom in Madrid centertown"
30924,"B & B in MADRID!!! "
30959,"Beautiful loft in Madrid Center"
31377,"Room for 2,  Sagrada Famili"
31380,"Room for 2-3. Barcelona, Sagrada Famili"
31440,"Nice Room in Prenzlauerberg,"
31823,"Aribau, Friendly Rentals"
31958,"Gaudi Attic 1, Friendly Rentals"
32471,"Gaudi Attic 2, Friendly Rentals"
32711,"Sagrada Familia area - Còrsega 1"
32868,"Sant Joan 4, Friendly Rentals"
33043,"Central Bright Bellevue Free Parking WIFI 4G"
34981,"VIDRE HOME PLAZA REAL on LAS RAMBLAS"
35379,"Double 02 CasanovaRooms Barcelona"
35388,"Single 01 CasanovaRooms Barcelona"
35390,"Single 02 CasanovaRooms Barcelona"
35392,"Double 01 CasanovaRooms Barcelona"
36480,"ChimaysaberlinB&B Single Bedroom"
36763,"In front of the beach"
37004,"WONDERFUL ROOM for longer stays Berlin Central"
37052,"QUIET n SUNNY FLAT in MITTE/PBERG"
37836,"Weekend in Berlin Party Center - II"
38074,"3 months min stay in the heart of Prenzlauer Berg!"
38296,"nice apartment to rent in Neukölln in September!"
40600,"room-artist loft berlin kreuzberg "
40718,"COZY APARTMENT CIBELES-GRAN VIA-PTA DEL SOL-CHUECA"
40916,"Holiday Apartment Madrid Center"
40983,"Classical loft close to pedrera!"
41217,"Beautiful room in Prenzlauer Berg"
41306,"Schöner Altbau, 6 min zum Alexanderpatz."
42742,"Spacious 35m2 in Central Apartment"
42809,"The Berlin Artist Apartment."
43123,"Lux Berlin 1: boutique & design"
44083,"Riverside View Apartment"
44423,"Lovely accommodation in Berlin"
46153,"CHIC BORN, APARTMENT, GREAT LOCATION , FREE WIFI"
46161,"Design-Room in Mitte/PrenzlauerBerg"
46172,"Chic Loft By Kastanienallee"
47938,"Lovely 2 BR flat in Prenzlauer Berg"
49213,"Descalzos en el parque, relaxing and  cool room"
49968,"Sagrada Familia area - Còrsega 2"
50066,"Sagrada Familia area - Sardenya 1"
54952,"Riverfront Panorama"
55455,"Panorama Apartment Berlin Centre"
55853,Hauptstadt-Domizil
57049,"130 sqm with a view on Mauer Park"
57209,"Top apartment in Mitte-Arkonaplatz"
57792,"Bungalow mit Garten in Berlin Zehlendorf"
58041,"Apt. in a historic ambience+Wifi from 18.11.2018"
58512,"Stylish & cozy 3bed near Sagrada Familia"
58780,"light quiet beautiful 4 room flat"
59249,"Lux Berlin 2: luxury & design "
59923,"Habitación para féminas en el centro de Madrid"
60161,"House at the water"
61444,"Bright apartment - Rambla Catalunya (HUTB-005863)"
62423,"MAGIC ARTISTIC HOUSE IN THE CENTER OF MADRID"
63052,"Beautiful, quiet, clean & central."
63468,"Ferienwohnung Kreuzberg"
64245,"Room in great area Prenzlauer Berg"
64590,"Great apt. directly on the canal!"
66037,"Great apartment in  en el Born"
67065,"Londres, Friendly Rentals"
68142,"Cute sunny room in Friedrichshain"
68448,"Spacious & quiet apt near Mauerpark"
68547,"two beds with private shower 30% off"
70059,"PLAZA ESPAÑA/Wifi/ downtown /parking. Cozy, Bright"
70099,"Room with a View, Bcn City Center"
70310,"Cozy, Quiet & Sunny Apartment Heart of Malasaña"
70315,"Superbly located 2 bedrooms 2 balconies"
70316,"Superbly located Monthly rental Bills Incl."
70333,"Stylish+cozy home/parking/CCIB/WIFI"
71520,"Charming apartment with fantastic views!"
71553,"Black Friday PROMOTIONS, apt with terrace!"
71603,"MODERNIST PENTHOUSE. 1bedroom apt with terrace"
72079,"Italian Design at Kudamm ,WiFi DSL free"
72150,"Attic Duplex Flat with Terrace-Wifi"
72436,"Lugaris Beach Business Apartment"
72955,"Madrid Apartment Prado Museum"
73302,"Penthouse-Loft  Berlin-Schöneberg"
73455,"RAMBLAS ORCHID2 FAMILY APARTMENT"
73643,"Salva B1 - VivoBarcelona Apts."
73649,"PB1 - great terrace and little pool"
73683,"Sagrada Familia area for 12 people"
73692,"Rustic apartment : Rambla Catalunya (HUTB-005863)"
73700,"Centrally located budget apartment (HUTB-005832)"
74352,"Cozy apartment of 75 m2 "
74562,"Cute Suite near the MACBA"
74614,"City apartment in Prenzlauer Berg"
75411,"Sagrada Familia Clot Patio"
75609,"Estudio Museo Dino"
80004,"Parc Montjuic HUTB (Phone number hidden by Airbnb)"
80843,"Berlin City Studio Apt."
81049,"Lux.2BR Apart.BerlinMitte Lic. 01/Z/ZA/ (Phone number hidden by Airbnb)"
81081,"Beautiful Prenzlauer Berg Apt"
81291,"Sunny attic with pool and terrace near the beach!"
82481,"Retiro Park, Stay at cosy studio "
82893,"Apartment 2 Mitte"
83183,"Garden Apartment-Prenzlauer Berg"
83283,"★PLAZA ©ATALUÑA ®oom x2 + private bath®oom+wifi"
83614,"Spacious & Elegant Flat, 2 bathrooms, full kitchen"
84719,"Cool Apart. (10min Center + WIFI)"
85560,"Apartment 1 in Berlin"
86042,"Attic Flat with Terrace - WiFi"
86514,"Sunny room, Kreuzberg "
87549,"Independent room in green Kreuzberg"
89102,"Bright loft in the Kastanienallee"
89756,"BCN-RENTALS RAMBLA 1, just 7-10 min to Ramblas"
89776,"Modernist flat Downtown Casa Estapé | Barcelona"
89954,"Amazing apt in the historic center"
91290,"Gardenside flat for 2-3 guests"
92425,"PLAZA CATALUNYA CENTRAL TWO BEDROOM APARTMENT"
92920,"Bedroom in Chueca Madrid"
93100,"*** MALASAÑA B&B ***"
95719,"Lovely room to rent in El Gotico"
96072," Room for rent in Madrid"
97529,"CENTRAL  FURNISHED 1 ENSUITE BEDROOM APARTMENT"
101507,"NICE FLAT IN THE CENTER OF MADRID"
102040,"Nice Single Room with wifi."
102194,"CHIC APARTMENT CHUECA WiFi & AC"
102882,"STORAGE APARTMENT URBAN"
103541,"CENTRAL AND COMFORT APTO. W/PARKING"
106290,"GREAT apartment in BERLIN-KREUZBERG"
106331,"Beautiful flat in Prenzlauer Berg"
109369,"RENT ROOM FOR DAYS"
109658,"Spacious Studio Apartment in Berlin"
111579,"IN THE CENTER OF BERLIN....."
112650,"Madrid center 2 rooms 4 people"
114763,"In the heart of Berlin!"
114854,"NICE CENTRAL TOURISM-BUSINESS APTO"
115576,"Bed and Garden"
116832,"Clean & Spacious Kreuzberg Apt"
117649,"F43 - your base for Berlin"
117919,"Huge, perfect location, AC...!!"
119389,"Madrid Apartment Latina"
119546,"BCN HUGEROOM DTOWN PRIVATE BATHROOM."
120293,"ROOM IN THE CENTER -LA LATINA- WIFI"
120762,"SHINY ROOM in DOWNTOWN / MALASAÑA!!"
121210,"BIG ROOM IN THE CITY CENTER,NEAR THE BEACH!"
121888,"private, calm but very central"
123864,"LOVELY STUDIO IN OLD TOWN-A/C-WIFI"
125349,"Cottage Berlin-Friedrichshagen"
126836,"Cozy bedroom next to Old Harbor"
127708,"Design Jewel in the midst of MITTE!"
127819,"140 m2 Architect flat center Madrid"
128463,"Private Suite in residential area!!"
128827,"Gorgeous Home in the City's Heart"
130227,"Spacious Room with Pool and Terrace"
132428,"Habitacion en Anton Martin"
135151,"habitacion individual"
135513,"APARTMENT AT RAMBLA POBLE NOU AND BEACH"
136043,"Twin room (2 people only) in Quirky central flat"
136058,"Calm, affordable room in Madrid."
136670,"double Room -UPC, ESADE, Barça, Real Club Tennis"
143605,"" Berlin Fuffa's 40m2  apartment ""
144471,"★BEST ZONE★PL.CATALUÑA ★ROOM X 2★BATHROOM +WIFI"
145249,"Private Wing of Penthouse - Terrace"
147275,"1 Room INDIVIDUAL in Barcelona"
147946,"1-room-flat in Prenzlauer Berg/WIFI"
149849,"Cosy room in Mitte/Rosenthaler pl."
150123,"LOFT ELOISA"
151249,"Quiet, Terrasse, cats, baby equiped"
151644,"Paradise 77...."
153015,"Central Artist Appartement Prenzlauer Berg"
154224,"NICE FLAT SANTA ANA.45m2 WIFI (A)"
154281,"Nice bedroom in a Loft, El Raval"
154437,"Charming room  Diagonal wifi 100 Mb"
155048,"Great 76 qm apartment, 2 balconies"
156010,"TWO ROOM APARTMENT ALEXANDERPLATZ "
157546,"Facing the canal, Paul Lincke Ufer"
157839,"room in typical berlin-style apt."
158890,"Loft Appartment in Berlin Kreuzberg"
159454,"Bright, Charming and Modern Altbau"
161425,"Cozy Apartment Gauystraße near Schönhauser Allee"
163429,"Centrical loft in Madrid (Chamberi)"
163448,"Montly rentals Barcelona for groups"
163490,"AMAZING LUXURY 2Bd, PLAZA CATALUÑA!"
166564,"feel at home | near Prado Museum"
168615,"STAYINTOWN - Apartment in Berlin"
169603,"Luxury  & silent apartment near park and riverside"
169907,"Cozy Berlin nest with great access"
170582,"Room for one Women - Living Community"
170652,"2-room apartment. Mauerpark TOP!"
170750,"2-bedroom attic & rooftop terrace"
170974,"Very Sunny, cozy Room with Balcony :)"
171646,"Sagrada Familia Clot Atico"
171746,"Lovely oasis in heart of Prenzlberg"
172348,"IFEMA POOL ARTURO SORIA"
173153,"Beautiful flat 95m² in Berlin Mitte"
173718,"PLAZA CATALUÑA-RAMBLAS LARGE 23m2 ENSUITE BEDROOM"
174391,"BERLIN The most central!"
174547,"Berlin City Apartment 1with WiFi"
174560,"2 apartment in Berlin Center, WiFi"
174576,"Berlin City Suite 3 mit W-Lan "
174579,"Berlin City Studio 4 mit W-Lan"
175667,"calm, sunny and central apartment "
176342,"Landmark/Checkpoint Charlie/120m2/2BATH/3BR/NEW"
176355,"Landmark/Checkpoint Charlie/110m2/2BATH/2BR/new"
176396,"Quiet room direct to metro station"
176852,"Big & sunny apartment in Kreuzberg"
177486,"Comfy bright studio flat, 1-3 Pers."
177500,"Fuencarral studio A"
177523,"Fuencarral Studio A1"
177846,"HABITACIÓN EN MALASAÑA, CON BALCÓN Y MUCHA LUZ"
178347,"Design Apartment Berlin Neukölln"
179102,"registered, legal hughe penthouse for 1-2 families"
179488,"Room for rent in BCN/ non smoker"
179550,"Room for rent in BCN/ non smoker"
179619,"Affordable Barcelona for you!"
180293,"Ally`s Guest House Barcelona"
180440,"CITY STUDIO WEST@ Kurfürstendamm(monthly discount)"
181160,KINOMUSEUM
181824,"Double bedroom with terrace + pool"
183206,"Cosy Studio with balcony in Mitte"
183309,"CENTRAL REFURBISHED XIX CENTURY FLAT"
183346,"ROOM IN CENTRAL REFURBISH FLAT"
183353,"ROOM IN CENTRAL GENUINE CHARMINFLAT"
183918,"furnitured red room with balcony"
183988,"Luxury Ku'damm Studio +  Bikes 4you"
183996,"LargeTopFloor,2Terraces,Prenzl'Berg"
184373,"THE PASSION  ROOM ..."
184516,"lovely huge 30mq room with pvt bathroom"
185960,"bright and large furnished room"
186221,"La Sagrada Familia: tiny and simple room."
186540,"Fully equipped loft near Sagrada Familia"
186542,"Lovely and sunny double room in BCN"
186598," Double room and cozy"
186851,"CasaKaiser, 2 room apartment"
186908,"Appartement Dressler in Berlin"
186999,"House on Water"
187206,"cozy room"
187326,"Cozy Apartment with sun terrace"
188267,"Black Friday PROMOTIONS, ask!"
188565,"Lovely Sailingboat close to Berlin- Mitte"
188922,"Stay in Prenzlauerberg Berlin !"
189288,"Townhouse Altenescher Weg"
190348,"Apartment with large terrace"
190448,"Modernes Studioapartment Berlin"
191023,"2-Room-Apartment in Berlin-Mitte"
191303,"THE WHITE SUITE..."
191661,"PLAZA MAYOR LOFT the genuine Madrid"
192050,"Perfect for 5 + WLAN near (URL HIDDEN)"
192052,"studio apartment in mitte (N° 1)"
192103,"studio apartment in mitte (N° 2)"
192499,FILMSALON
193625,"perfect spot/place in Down Town :-)"
193923,"Single room in the real Barcelona"
194374,"Cottage in the city with garden"
194460,"Double Private room with breakfast near the beach"
194465,"Beautiful Loft-Studio with garden"
194546,"Central modern 2-room flat in Mitte"
194694,"a light from heaven & an old school"
195092,"Bonitas vistas de Barcelona"
195467,"Obere Etage im Haus."
196021,"Old-time-charm apartment with patio!"
196149,"Best location in Berlin-Mitte /WIFI"
196197,"THIS GREAT VIEW IN BRIGHT LATINA"
196285,"Studio-apt Kreuzberg: central/cozy"
197267,"Cozy Studio in Gracia Neighborhood"
197291,"App. w garden, firepl. a. whirlpool"
198584,"Oriental Style Room, Kudamm / Zoo"
198896,"A lovely luminous room..."
198958,"STUNNING sea view + pool Barcelona!"
199016,"Room in central top floor with 2 terraces"
199201,"Converted theatre, historic centre"
199422,"Modern apt near beach & city center"
199794,"Centric Double Room Private Bathroom - month  rent"
200125,"TOP apartment in art nouveau villa"
201033,"Shiny Room in Malasaña II/Center"
201224,"very charming central apartment...."
202066,"Shiny room in the center of Madrid"
203634,"Outstanding penthouse in Prenz Berg"
204570,"Lovely 110m2 home - BEST LOCATION !"
204609,"Bright room in 1870s-building, nice neighbourhood"
204617,"separates Mini-Appartement mit  Bad + WC"
205199,"Tafari Gran Via"
205296,"4* apartment in quiet south Berlin"
206122,"Amazing Loft in BCN Center (B0132)"
206167,"BRIGHT, COMFY AND CENTRAL"
206454,"Hot Spot Berlin-Mitte apartment!"
207740,"Schicke Garten-Maisonette in Kreuzberg"
208495,"CENTRAL VINTAGE-MODERN FLAT"
208684,"THE WAY WE LIVE with private bath"
209373,"Attic in the Heart of Madrid-WIFI "
209649,"Berlin Center – Charlottenburg Wilmersdorf"
209673,"Sweet Apartment in Gràcia district!"
209780,"The Mad B&B - Cool 3BD with Wifi"
210734,"VERY CENTRAL AND COSY"
211444,"Luxury room close to IFEMA/AIRPORT"
212348,"2 Zimmer mit Balkon in Friedrichshain"
213368,"Lovely room Barcelona up 2 people"
214000,"Immaculate WHITE LOFT, 2br CHUECA, 50mg fast WiFi"
214491,"enchanting room in the centre,"
214784,"Charming Room in a beautiful flat"
214855,"dnb-berlin - private room"
214970,"Cozy room in central flat Barcelona"
217674,"PENTH. PLAZA MAYOR ROOFTOP TERRACE"
218503,"Single room next to Bogatell Beach / 单间,旁边的海滩"
219303,"*** Malasaña B&B exterior***"
220445,"Apt. Near Charlottenburg Palace"
220808,"bright room in three-room apartment"
221015,"clean calm cosy central apartment"
222076,"Ayala Penthouse"
222784,"Queit-central-balcony-WiFi, lease - min 2 months"
223622,"1 bedroom in Berlin Friedrichshain"
224571,"RIGHT WHERE YOU  WANT TO BE+PC,WIFI"
225462,"Bright silent room in the center"
226925,"Appartement Dressler at lake Seddin"
228964,"super Wohnung MITTEndrin!"
229075,"Sun-drenched three-room-apartment"
229099,"Nice room near airport Berlin SXF"
229348,"Excl. Studio A Mitte/Hansaviertel"
229363,"Excl. Studio B Mitte/Hansaviertel"
229776,"Cosy room in Mitte / Rosenthaler Platz"
230611,"4 bedroom holiday house Berlin"
230824,"Bright & Roomy in Vintage Home"
231220,"1 Room Apartment, Charlottenburg"
231598,"Apartment Berlin"
232400,"DESIGNER DUPLEX SPA & TERRACE"
233083,"2-bed-loft-dwelling designers flat"
233453,"Pretty room in Neukölln/Sonnenallee"
233739,"Bright bedroom & private bathroom"
233770,"Holiday apartment in Berlin's Green"
234375,"ATTIC VIEWS SAGRADA FAMILIA"
234567,"Luxury Apartment in city center"
236509,"Berlin City Center, Great Vista"
236552,"Typical Berlin Alt-bau in Kreuzberg"
237038,"A lovely room in the Mitte - Berlin"
237359,"Sweet Home , romantic apartment"
237670,"Apartment Burde 2"
237895,"Lots of LIGHT & INCREDIBLE views!"
238275,"Baroqueapartment with loftcharacter"
238396,"Within the city, calm and leafy"
238569,"Nice bright flat near Mauerpark"
239139,"Central, Berlin Mitte, 4 Pers."
239143,"Cute & Centric Apartment In Born"
239314,"Comfortable Room in Vintage Home"
239492,"CozyRoom&Garden Priv.Bathroom AC"
239821,"APARTAMENT BCN MIRALL, in the best neighborhood"
240169,"Berlin, Neukölln, Room B"
240735,"I want Berlin!"
242335,"Barceloneta Beach Apartment - FOR SEASON"
242366,"Chic 2 room apartment  Berlin Mitte"
242794,"Elegant renovated apartment 72 m2"
242908,"Holiday Apartment in Berlin Wannsee with balcony"
242927,"Holiday Rental in Berlin Wannsee with small garden"
242978,"Exclusive one-bedroom apartment"
243057,"rooftop-apartement "Blueberry Hill"  Berlin center"
243063,"Holiday apartment in Berlin Mitte"
243081,"Living with style, apartment 2"
243238,"Blue Jewel in Green Borough"
243448,"TARRADELLAS_B for 10, near train/airport"
244425,"11th-Floor near KaDeWe!! -in Berlin"
244924,"sunny 2-room appartment in Berlin "
245744,"Apartment in central Berlin"
245809,"2-bedroom apartment Prenzlauer Berg"
245827,"2-bedroom apartment Gendarmenmarkt"
248375,"Culture and shopping"
249220,"1 room in an apartment in Berlin "
249419,"Studio to feel good Prenzlauerberg!"
250007,"Exotic holiday apartment in Berlin"
250016,"Excellent - 3 bedrooms, 2 bathrooms - Gothic"
250067,"Great 2bd apt perfect for a couple"
250121,"Cosy single room"
250138,"Nice double room"
250171,"Great Double bedroom"
250253,"Apartment: Luise in Berlin"
250376,"142 m² = 1530 ft² ♥LOFT♥ROOMS in Friedrichshain"
250684,"Lovely four bedroom"
250687,"Apollo Apartments 1"
250704,"Holiday Apartment with Garden"
250707,"Apartment: Friederike in Berlin"
250729,"Apartment: Grazer Gärten in Berlin"
250753,"Apartment: Großer Kurfürst"
251398,"Modern Room in a nice Environment"
251548,"Beautiful Apartment 14m2 Terrace in KREUZBERG"
252232,"Nice apartment with POOL BARCELONA"
252440,"Gorgeous duplex Azca area"
252664,"COZY ROOFTOP APARTM.| QUIET&CENTRAL"
252699,"*** modern-cozy-design apartment "
252933,"Room vibrant but cozy Schoeneberg"
252967,"Pension am Traveplatz Zimmer 1"
252993,"Pension am Traveplatz Zimmer 2"
253005,"Pension am Traveplatz Zimmer 3"
254576,"Chalet at Kurfürstendamm citycenter"
254762,"Cosy StudioFlat in trendy Kreuzberg"
254788,"Cosy Flat in Kreuzberg 36!"
255557,"Cosy studio FridayBerlin for you"
255722,"Renovated apt in an old building"
255778,"Beautiful apt. in a great location"
255829,"Idyllic located Apartment"
256004,"CASA ARCO CUCHILLEROS-BOTIN"
256058,"TOP Furnished Room in Graefekiez"
256628,"Cozy bedroom in a loft, el Raval."
256677,"Barcelona Center!The Gothic Area"
256842,"For Family 5p 20 min Puerta del Sol"
256982,"Centric spacious nostalgic Room"
257317,"Apartment in the heart of Berlin"
257373,"Sunny boutique studio Prenzl. Berg"
257658,"Awesome Location Mitte / P'berg"
257766,"100 qm Penthouse-Loft Berlin-Mitte"
259249,"2-bedroom flat right in the center."
259852,"Center - Double w A/C - FreeWiFi"
260073,"A STUDIO-FLAT IN CENTER-BARCELONA"
260095,"Nice Apartment in Berlin"
260656,"Quiet duplex apartment in Lavapiés"
260951,"Spectacular Loft "A" Ifema  Madrid"
261205,"Hip and lots of space in B- Fhain "
261452,"Wendt apartment, 1st floor, central"
261750,"THEVINTAGERENTALS Delux 5 bedrooms Pg de Gracia"
261834,"Sightseeing, relaxing and Shopping"
261878,"GREAT STUDIO! BEST REVIEWS! CENTRAL"
261937,"Nice apartment in center of Berlin"
263748,"LOFT "C" modern design loft IFEMA"
264054,"SINGULAR BUILDING, 5 FLOORS  250m2"
264125,"Sagrada Familia 5' Metro WIFI fibre"
264459,"Central, cosy and one-of-a-kind"
265354,"Nice apartment in Berlin"
265389,"Beautiful single room in Berlin"
265394,"Stylish double room in Berlin"
265400,"Lovely 2-bed room in Berlin"
265402,"Nice room for 3 persons"
265408,"Elegant 4-bed room in Berlin"
265416,"Colorful 6-bed-room in Berlin"
265433,"Spacious 6-bed-room in Berlin "
265444,"Nice and big 8-bed-room in Berlin"
265491,"Beach room amazing view in center"
265955,"Top Central Charming Relaxed Berlin"
266086,"Private Ferienwohnung in Berlin"
266181,"Single Room Apt in heart of  F'hain"
267399,"Attention to Every Little Detail."
267764,"Berlin Mitte luxury"
267816,"Luxury Yacht Barcelona Port Olimpic"
267951,"Modernes Apartment in Berlin P´berg"
268017,"Cosy apartment 3 bedrooms"
268022,"Charming 3 bedrooms apartment"
268275,"Madrid center with balconies"
268417,"Cozy Room near the Center. 2 línes underg.Eixample"
268910,"Southeast of Berlin - fantastic apartment"
268967,"Wendt-Apartment, 2nd floor, quiet"
268974,"Flat Familie Heucke"
269455,"rent a flat or room in kreuzberg"
269467,"Sunny and quiet Loft next to Sagrada Familia"
270050,"Double Room in El vaixell de paper"
270477,"QUIET GARDEN APT(child friendly)"
271340,"Central & Homelike Apartment"
271739,"X-Berg: central, quiet, bright, cosy and large"
271996,"GR Apartment near Sagrada Familia"
272279,"WELCOME HOME! EL RASTRO flea market"
272282,"Exquisito apartamento con espacios abiertos y luz"
273011,"Luxurious 2BR in prime location"
273076,"nice apartment in Samoastr., Berlin"
273106,"beautiful stylish apartment, Berlin"
273229,"Confortable and very well located"
273932,"Oriental Design apartment"
274501,"Modern Luxury 1BR apt Pg de Gràcia"
274623,"Modern, furnished, warm flat!"
274686,"Minimalist appartment in Kreuzberg"
274798,"Splendid and Spacious in Kreuzberg"
275326,"1BR on Pg de Gràcia - Gran Via "
275336,"Charming 3BR just off Gran Via"
275346,"Sunny terrace penthouse by Camp Nou Free Nespresso"
275350,"3BR/2Baths Apt. next to Liceu Theatre on La Rambla"
275472,"Luxus Flat Top Roof Berlin WELCOME"
275889,"La Rambla Zen 1BR apt in Center"
276044,"4th-Floor Apartment at Wittenbergplatz."
276324,"COMFORTABLE IN GRACE APARTMENT "
277653,"2-Rooms near KaDeWe !! -in Berlin"
278036,"Big Sunny Room - Paseo de Gracia"
279315,"Flat in Neukölln (Postmodern Cloister )"
279344,"Happy-haven in the heart of Berlin"
279439,"sociable apartment in Raval 3"
279504,"Kreuzberg, lively cosy Bergmannkiez"
280733,"Gran Via apartment I"
281152,"beautiful 3-room-apartment (75 m2)"
281224,"UNIQUE in Opera Royal Palace!!!"
281978,"Big Private Room - Paseo de Gracia"
281985,"Medium Sise Room - Paseo de Gracia"
282113,"Great Room at the Gran Via"
282195,"Winter Offer 40m2 Wifi. Centre O"
282196,"COZY FLAT, SANTA ANA,40m2,WIFI (I)"
282214,"Nice room close to Kurfürstendamm"
282679,"Charming Penthouse,two amazing terraces"
282715,"Cozy and Luxury penthouse, Madrid"
282773,"Top-Apartment Berlin Charlottenburg"
282786,"Apartment Berlin-Charlottenburg"
282797,"Schickes Apartment in Berlin-City"
283231,"FANTASTIC20m2TerraceVIEW-@800m BEACH/BORN/GOTIC"
283862,"HISTORICAL CENTER, SOL, DUPLEX"
284390,"Penthouse Central Well-lit"
286105,"Room at Gran Via Barcelona Spain"
287294,"Sailing Dreams Barcelona!"
287660,"Beatiful downtown room with balcony"
288034,"pb1 WITH TERRACE QUIET & HAPPY FLAT"
288484,"Cosy Studio livingspace with balcony, Maybachufer"
289555,"Casa Museo del Prado-Private room."
290035,"SINGLE ROOM HAPPY FLAT EXC LOCATION"
290410,"Quiet room in a 1 bedroom apt in Kurfurstendam"
290592,"Views SagradaFamilia + metro + WIFI"
292300,"Lux 2-level apt in hip Berlin Mitte"
292864,"Lounge Room –  Alex in 5 Min"
294520,"rented room in the center of madrid"
294529,"Centro de Madrid. Room 3"
295200,"Gaudi view´s Attic with private terrace"
295675,"room with own bathroom and separate entrance"
296331,"Big Apartment in Mayor Square!"
297017,"Luxury Prado Museum 4 pax"
297066,"3 rooms, 2 bathrooms in the touristic city centre"
297521,"light and nice room fully furnished"
297594,"Holiday apartment Trinimat Berlin"
298056,"3bedrooms in Kreuzberg, Anmeldung possible"
301773,"Nice Apartment at Prenzlauer Berg"
301887,"2nd-Floor near KaDeWe !! -in Berlin"
302179,"Cozy apartment in the city center"
303097,"Beautiful city apartment at park"
304904,"bedroom with your own bath"
305213,"PLATANEROS - BRIGHT CENTRAL APT"
305987,"Lovely Apartment in Berlin Prenzlauer Berg"
306041,"Lovely central room, Potsdamer Plz"
306312,"LOVINGLY RESTORED 100qm APARTMENT "
306502,"1,5 bedroom at Ku'damm close to IFA"
306829,"Cosy flat / Balcony / Centre Berlin"
307587,"Sunny apartment in Berlin Mitte"
308166,"ARTIST HOUSE IN DOWNTOWN, GAUDI, LIGHT SUN"
308421,"Bright Double Room in BerlinWedding"
309511,"Prenzlberg Designer Apt w. Balcony"
310333,"Central, cute & Art Apartment"
310678,"Precioso apartamento en Gran Via"
311703,"Elegant 4 Room Apartment with 2 Bathrooms"
313677,"Supercentric Apartment Quevedo"
313876,"quiet spacious sunny  2 room apt  w view 4.floor l"
315533,"Home sweet Home Berlin"
315682,"QUIET and SPACIOUS .  Heart of Malasaña.Madrid."
315769,"Sagrada Familia vintage apartment"
316327,"Spacious, Sunlit & Great Furniture"
316366,"Beautiful Apartment near Kudamm Ave"
316462,"Central Mitte:Galleries/Bars/Rest."
316547,"Our Asia Room For You"
317142,"Excellent place near the subway"
318826,"Wonderful apartment. JUST REMODELED"
318865,"A penthouse two terraces in Gracia"
319658,"Madridapto Central Wifi"
320028,"Nice room with ensuite bathroom"
320279,"STUDIO NEAR KASTANIENALLE"
320305,"Berlin Friedrichshain 1,5km to Alex"
320506,"The Loft Barcelona"
321295,"Beautiful 1-room apartment"
321308,"Schönes Apartment in Berlin"
321378,"TOP-FLOOR APARTM./ 2 roof terraces/ Kastanienallee"
322463,"Great value in Prenzlauer Berg, free parking"
322520,"Central studio w/ sunny GARDEN"
322548,"Terrace La Latina"
323243,"nettes Zweibettzimmer 1.3 (1. Etage)"
323255,"3 beds room No. 4 in Berlin"
323259,"3 beds room No. 2 in Berlin"
323260,"Apartment in Berlin for 1-3 persons"
323951,"Berlin Neukölln 2 rooms (bedroom+studio)"
324726,"lets go downtown barcelona"
325979,"A very nice and quiet appartement"
326566,"ruhiges Zimmer in Pankow/ Prenzlauer Berg"
326608,"RealCozyAltbau in outgoingKreuzberg"
327133,"Cozy Double Room - Paseo de Gracia"
327442,"Best place!"
327773,"Home is where Berlin is"
328255,"SUNNY & COSY FAMILY HOME (MAUERPARK) WiFi"
329648,"nice room with a balcony"
330248,"GREAT  DOUBLE ROOM WI FI CASANOVA"
330766,"Urquinaona Charming and Centric"
330957,"Central 3 bedroom beautiful APT"
333190,"Betwn Sagrada Fam. & the Beach! Sgl -Dbl Room B&B"
333974,"Winter froml 34€per.Centric.Wifi E"
334133,"Very centraly Apartment in Berlin 1"
334281,"Heart of Madrid - 2 bedroom flat"
335273,"Cool Design Apartment in Berlin"
335861,"MODERN LOFT NEXT TO THE BEACH"
336795,"Room in Madrid Center whit WIFI"
336834,"2 bedroom apartament in Chueca-Fuen"
336869,"Direct to Plaza Mayor!"
337209,"DISCOVER MADRID CENTRAL AREA WIFI"
337292,"Principe de Vergara. Homey Room"
337755,"SEALONA VILA OLIMPICA BEACH"
339171,"PRADO MUSEUM AIR & OnSiteParking (*)"
339751,"Madrid Centro 1to6 people Metro Bus wifi.TWO ROOMS"
341910,"Top floor apartment in Berlin"
341939,"Self-catering Apartment in Madrid"
342095,"Lovely apartment CENTRAL MADRID !"
342557,"Berlin's Park at your window. Parking included."
342952,"Special price 29€ per.Center.Wifi U"
343190,"Beautiful bright room super central"
343859,"LOVELY 2 BD WIFI GRACIA"
343861,"1BD FLAT WITH WIFI & AC IN GRACIA"
343864,"3 BD APT IN THE HEART OF GRACIA"
343866,"COSY 1BD WIFI GRACIA CENTRE VIRREIN"
344856,"Too good to be true - in Friedrichshain Berlin"
344986,"Sunny Cosy Prenzlauer Berg Berlin"
345249,"CASTELLANA CASTELLANA DELUXE FINANCIAL DISTRICT"
345373,"Loft-Apartment in Charlottenburg"
346018,"Room in a flat with Barcelona best view!"
346404,"WHOLE APARTMENT: SWEET & COZY HOME AWAY FROM HOME"
347510,"Classy Central Family Alcalá Deluxe"
347762,"Wonderful room  around Bergmannkiez"
348081,"Room @ Sagr. Familia Bathroom +WiFi"
348262,"roof top apartment with a room"
348334,"Room in the center of Lavapiés"
351395,"Charming Garden House Apt 3BR Apt"
352686,"Loft duplex penhouse in Gothic area"
352772,"Elegant Centric Attic WIFI Car Park "
352998,"TOP LOCATION City Rooms near Kudamm"
353640,"Great Apartment in Heart of Born"
353713,"PRIVATE ROOM. HEART OF MADRID."
353746,"CENTRIC APT. MALSAÑA & CHUECA"
354033,"5 separate+ruhige Ferienwohnungen"
354838,"Entire apartment Plaza de España!"
355227,"Il Nido - Berlin's downtown for 2/3"
355494,2-room-holiday-apartment
356344,"Gran Via Valverde IV"
357576,"Authentic Vintage Home ¨El patio de Gràcia""
357958,"Private terrace and bathroom & WiFi"
358746,"+Private room with SHARED BATHROOM--"
359196,"Central&new PENTHOUSE with TERRACE!"
359277,"HABITACION CON BALCON EN RAMBLAS 2"
359841,"BacRou, design loft near the sea"
359917,"Central located quiet place in the City"
361053,"Cozy, luminous  excellenty placed"
361487,"Very centraly Apartment in Berlin 2"
361488,"RETIRO PARK2 CHALET INDUSTRIAL-CHIC"
362701,"Stylish lodge in the heart of Kreuz"
363413,"Room Prenzlauer Berg Kollwitzplatz area"
363454,"Apartment Berlin Kreuzberg"
363476,"PUERTA DEL SOL-QUIET DOWNTOWN"
363601,"stylish flat in barcelona center"
364030,"Amazing views, centric apt w/terrac"
365911,"Low-priced,Super Reviewed Apartment"
366094,"Centrally located in Berlin-Mitte I"
367182,"Centrally located in Berlin-MitteII"
367634,"Centrally located in Berlin-Mitte E"
368043,"Quiet flat, 1 room, 1 or 2 person. "
370561,"Nice Flat directly in Neukölln"
370665,"vig HAPPY APARTMENT IN EL BORN"
370815,"Beautiful light attic! very central"
371532,"Fantastic Location. Great apartment, Opera"
372596,"Gran Via Sol Montera II"
374465,"ROOM  IN MADRID CENTRAL AREA"
374491,"ROOM WITH A BALCONY IN RAMBLAS 1"
374561,"HABITACION BAÑO PRIVADO EN RAMBLAS"
374568,"Double room,beautiful area,next IE!"
375472,"Host family in the center of Madrid"
375961,"CENTRIC APARTMENT WITH HUGE TERRACE"
376232,"Gran Via Sol Montera I"
376379,"Great Studio for Rent in Madrid"
376638,"Nice room close to every where "
377151,"private house in elegant neiborhood"
377161,"Rustic apartment Parc Guell II"
377304,"Charming Apptm - 20min to F'strasse"
378998,"PRECIOSA Y ACOGEDORA HABITACIÓN "
380281,"big, bright, sunny and a balcony"
380384,"Newly renovated apartment, 44qm"
380421,"Double room with a balcony"
381679,"Opera Royal Palace large groups"
382000,"Homely Apartment in Sagrada Família - 4 bedrooms"
382008,"Top room - central Friedrichshain"
384063,"nap2 HAPPY & QUIET 3 BEDROOM & 2 BATHROOMS FLAT"
384155,"Barcelona Center Beach Top Design"
384464,"Paseo de Gracia / Plaza Catalunya"
384867,"A PERFECT DOUBLE ROOM  BCN CENTER"
385049,"MIRADOR 3 Bedroom Apartment Port Vell"
385059,"Berlin-Mitte: Modern design, breakfast & balcony!"
385728,"YOUR SUITE  ROOM LIGHTFULL PRIVATE BATH, CENTER AC"
387607,"Ground floor apartment with terrace"
393598,"Quiet Oasis  in "Kreuzkölln" 60 sqm"
393717,"Cosy apartment near Las Ramblas"
394692,"A PERFECT ROOM FOR RENT CENTER BCN"
395050,"COLORFUL AND COZY FLAT IN BARCELONAS COOLEST AREA!"
395063,"furnished Room in an apartment in Friedrichshain"
396532,"Apart. 25mts from Gran Via,exterior"
397778,"PUERTA DEL SOL VI - MADRID CENTRE"
397837,"HUERTAS II - STUDIO MADRID CENTRE"
398011,"2-room miracle in P-berg + balcony"
399140,"ATOCHA II - MADRID CITY CENTRE"
399312,"Bright and cosy flat wit balcony :)"
400139,"Nice double room, near every where"
400642," sunny and spacious 2-room flat"
400832,"Room in great green city location"
401242,"Beautiful & large in central Berlin"
401481,"Centric Apartment in Barcelona"
401990,"LARGE ROOM in a COOL STREET!!"
402588,"PUERTA DEL SOL l - MADRID CENTRE"
402633,"BARCELONA CITY CENTRE CHARM"
402657,"Central, Sunny & Charming + Wifi"
404569,"GRAN VIA  -  Vll -MADRID CENTRE"
405037,"Plaza Castilla 4 Torres"
405677,"Gran Via Grilo"
405786,"PLAZA DE LA CEBADA  -  SPACIOUS"
406341,"Quiet downtown Madrid, nearby all"
406697,"Lovely & Cozy Apartment Center"
408127,"Petite chambre confortable"
408599,"Charming 3bedroom flat with balcony"
408756,"ZAZA - APARTMENT PRENZLAUER BERG"
409846,"Artist Flat Mitte: Soho of Berlin"
410020,"room in spacious 2 room apt. in Rixdorf, Neukölln"
410159,"Barcelona Center 7 people Apartment"
410699,"80m2 spacious bright loft apartment"
412418,"2,5 Room Apartment in Neukölln, Berlin"
412649,"Cozy flat by the Magic Fountain"
413240,"An oasis in the city of Madrid"
414763,"LATINA - lV - STUDIO MADRID CENTRE"
414786,"Centric Double Room-Paseo de Gracia"
415218,BELLEWOODS
415892,"October promo: 6x5. Modernist flat"
415967," LAVAPIES CLASSY (CENTER TOWN)"
416704,"LARGE DOUBLE ROOM, WIFI, CENTER BCN"
417143,"gorgeous loft room  kreuzberg"
417239,"2 DOUBLES BEDROOMS FLAT IN GRACIA"
420039,"Bonito estudio en pleno centro"
420114,"Stylish Attic-Penthouse in Mitte/Kreuzberg"
421236,"Apartment - countryside of Berlin"
423655,"Tribunal Apartment"
424137,"Spacious apartment just by Las Ramblas"
425411,"Nice vacation apartment in Berlin-Mitte"
425487,"Nice and quiet apartment in Berlin-Mitte"
425639,"House with garden"
427407," study sol-atocha I"
427854,"Wendt 3, 2 rooms, central, sleeps 4"
429306,"2 Bedroom Apartment - Center Madrid - ST"
429604,"sol-atocha II study"
429677,"90 m² Family Base @ Kreuzberg /Gräfekiez"
430585,"Beautiful apartment in the heart of the Gothic"
431054,"VILLA OLIMPICA BEAUTIFULL PENTHOUSE"
431149,"+Double Private room with SHARED BATHROOM--"
431243,"Room in Malasaña"
431331,"NEW APARTMENT IN GRACIA NEIGBOURHOO"
431343,"Gut geschlafen, schnell ins Zentrum"
431652,"Upstairs at Eric's"
431806,"CHARMING SUITE IN MADRID'S LEDGE"
432460,"Cosy Room in lovely Neighborhood"
432482,"PENTHOUSE PANORAMIC VIEW"
434195,"Nice room near to Palacio Real"
434209,"Cute In-Law Suite with Garden Access"
434874,"GRAN VIA - Vl - MODERNIST & CENTRIC"
436385,"Charming west end to trade shows"
437601,"Long-term Stay Beautiful Penthouse in Madrid"
437670,"LA LATINA, MAGNÍFICAS HABITACIONES"
437886,"Centric Apartment in Barcelona 2"
438102,"Nice quiet room close to S. Familia"
438123,"Twin for 4-5 Barcelona, Sagrada Familia."
439057,"Paseo de Gracia - Diagonal, 120 m2"
439613,"Berlin Flair"
439631,"2 room stylish near Mauerpark  WLAN"
439699,"Madrid center - right in Malasaña!"
440427,"Just Next to Sagrada Familia!!!"
440596,"Quiet Central Apartment with WiFi"
440619,"Sagrada Familia Quality double room"
440840,"sociable rooms in Raval 2"
440841,"sociable rooms in Raval 1"
440996,"Apartamento Céntrico en Barcelona"
443909,"BARCELONA GOTICO ,great location"
446665,"Double and Lovely room in Barcelona"
446751,"Private room in Sagrada Familia Barcelona"
446975,"Coach House with a little garden"
447524,"City apartment at the Ku`damm"
449218,"Central, fully equipped, best price"
449494,"central, cheap, basic apartment"
449854,"Center location. Magic terrace. 360º views"
450325,"gorgeous old chocolate factory"
451758,"Bright, elegant loft in center town"
452164,"In the middle of Mitte and green!"
455623,"Studio 25m2 with great views"
456165,"Nice room in Madrid"
456283,"In the heart of Gracia District"
456333,"DOUBLE ROOM with WIFI"
456839,"Charming converted cottage"
456902,"Maisonette Apartment in Kreuzberg"
457195,"Cozy apartment with 3 bedrooms"
458586,"You are looking for peace and relax"
458608,"bright apartment in Berlin Kreuzberg"
458800,"Beautiful 3BR, Excellent location"
459303,"GRAN VIA - l - CENTRAL & BRIGHT"
459362,"PUERTA DEL SOL- ll - MADRID CENTRE"
462012,"Bungalow with private garden"
462062,"CLOSE TO LA FIRA PL ESPAÑA /INCL BRKFAST"
462072,"Spectacular Penthouse 95 m² Latina"
462118,"NEXT TO CATHEDRAL 1"
462332,"Cozy Single Room Barcelona Center"
462459,"COOL BERLIN MITTE FLAT"
462557,"Large room and light. balcony (red)"
463246,"Lovely Apartment Madrid Center"
463880,"On the beach - Poblenou"
464307,"LOVELY SUNNY, DOWNTOWN, 2 BR APT."
464324,"spacious room in light-flooded classy apartment"
466983,"beautiful light room in 100qm place"
467552,"DESIGN PENTHOUSE ALONSO MARTINEZ!"
468202,"BEST STUDIO IN VERY CENTER MADRID FIBRE OPTIC WIFI"
469084,"nice + light room in Friedrichshain"
469177,"Cozy apartment in Paralel for 8"
469231,"ATICO PRECIADOS"
470132,"❤Quiet. Comfort. Superior apartment 1BR*Superhost*"
471198,"GRAN VIA - Vlll - MADRID OLD TOWN"
471238,"PUERTA DEL SOL - V - MADRID CENTRE"
471328,"PUERTA DEL SOL - Vll -MADRID CENTRE"
471669,"El Poblenou* House @ Barcelona"
472062,"close to Paseo de Gracia."
472779,"The Borne"
473386,"Schoeneberg, KaDeWe, Gay Area (201)"
473395,"Walking distance to Paseo de Gracia"
473459,"GALA - Between Gracia and Sant Gervasi"
474387,"Des Artistes 716, wifi, central P"
474830,"spacious sunny  room with balcony"
475771,"I rent apartment in Barcelona"
475786,"Room to rent in beautiful apartment"
476077,"Cosy Penthouse + sunny patio in NK"
477256,"lightful apartment in poblenou'"
477426,"Habitación en  Madrid- Moratalaz"
477464,"Nice Apart 7 min. walking to Sol"
477515,"Apartment in Prenslauerberg, Mitte,"
477652,"REINA SOFIA - ll - WITH  TERRACE "
477656,"Eine Terrasse und der Himmel Madrids"
477744,"Bed&bike in the heart of Kreuzberg"
478015,"Sunny and Spacious Design Apartment"
478173,"Penthouse in Barcelona, Sun terrace"
478616,"Retrome Barcelona"
478951,"Sagrada Familia area - Sicilia"
480624,"Room in Berlin  Friedrichshain"
480975,"Loft con gran terraza bcn centro"
481739,"The Gaudi Suites II"
482088,"CHUECA - Vl - THE TRENDIEST DUPLEX"
482122,"TRAFALGAR - CITY - SPACE & LIGHT"
483048,"IFEMA/AIRPORT very good connections"
484390,"MONTHLY COZY SUNNY - SAGRADA FAM."
484506,"Cosy flat in the heart of Kreuzberg"
485011,"A Super unique/charming/hip room!"
485726,"TOP City-West,Shopping+GayArea 202"
486192,"very central and charming room"
487233,"BOHEMIAN PENTHOUSE DUPLEX + 2 BIKES"
487938,"Room in Berlin Friedrichshain "
488161,"Stylish Apartment in Schillerkiez"
488341,"Single bedroom in the middle of BCN´"
488462,"★ CENTRAL, CHEAP & CHIC ★WIFI★CC"
489477,"Big Flat in the Center of Madrid"
490517,"The Sagrada Penthouse"
490803,"Plaza Sagrada Familia apartmen(1-6)"
490853,"Private Balcony in Sagrada Familia"
491336,"Nice studio apartment in Schöneberg"
492221,"CENTRICO EN EL BARRIO DE LA LATINA"
493067,"Disfruta con los cinco sentidos..."
493072,"1 Room in Berlin Center with Artist"
493122,"lightful apartment in poblenou"
493238,"ElRastro-Plaza Mayor. Air cond-WIFI"
493539,"Spend the night in the oldest house in Berlin!"
494434,"Flat in the heart of Madrid"
494492,"Amazing Jewel close to Kurfürstendamm!"
494834,"Sant Pau Barcelona Suites"
495435,"Great flat in Berlin-Kreuzberg!"
496997,"Lovely & Elegant Apartment in Eixample 1-2"
497545,"Delightful & Elegant Paseo de Gracia 2"
497706,"Peaceful apartment in Madrid Centre"
498632,"Prime location. Barcelona Apartment"
499342,"Central, bright & charming in Mitte"
499353,"Central & tasteful apt in Mitte"
499911,"2 bedroom apartment downtown Madrid"
500641,"Kollwitzplatz - Prenzlauer Berg"
500742,"Near Retiro Park,Madrid 28007 Spain"
501735,"Beautiful 3 room apt. in Kreuzberg"
502021,"UN JARDIN EN EL CENTRO DE MADRID"
502436,"FANTASTIC RAMBLAS"
502598,"Casa Marfisa: great location, Mitte"
503765,"New and sunny apartment near Sagrada Familia"
504653,"Double bed in Plaza España"
504860,"Double room in Plaza España"
506730,"spacious 2 BR apt for 3 people"
506956,"PRECIOSO APTO. CENTRICO EN MADRID"
507614,"Malasaña: Amazing&extremely central 2BD flat+sauna"
507667,"Habitación cerca sagrada familia-2"
507671,"Best Location in Berlin-Kreuzberg"
507972,"House with pool in Heart Gracia! "
508212,"Central Atico Apartment with Terrace"
508685,"Single room in Plaza España"
509432,"25m2 room in Berlin, Prenzlauerberg"
510923,"Lovely Penthouse in Barcelona"
510973,"HABITACION CÉNTRICA EN PISO NUEVO"
511935,"high standard 170sqm rooftop w/2ter in Schöneberg"
512625,"THE WAY WE LIVE ensuite"
512666,"BCN-RENTALS RAMBLA 4, just 7-10 min to Ramblas"
512737,"BCN-RENTALS RAMBLA 3, just 10 min to Ramblas"
513825,"Three Bedroom Apartment Sagrada Familia - S3"
514246,"Sunny 2br flat with big balcony"
514572,"ENJOY BARCELONA IN A HUGE APARTMENT"
514917,"Nice room, nice flat"
515008,"BIG BED & VERY NICE ROOM YELLOW."
515145,"Attic near Checkpoint Charlie"
515339,"ORIGINAL next to Royal Palace!!!"
515724,"Double Room / Marina & Beach"
516102,"Barcelona International Stop !!!"
516340,"Paseo de Gracia/Plaza Catalunya I"
517407,"Luxury Apartment Sagrada Familia"
517425,"Maritime Room - Alex in 5 Min"
517990,"great 3 room apartment - great location"
518208,"BIG BED & VERY NICE ORANGE ROOM."
518247,"Ideal apartment in central"
518511,"Central, cheery, light, historic"
519356,"beautifull vintag-2 room appartment"
519566,"Comfy double room Barcelona Center"
519631,"Great location 1870´s charming home"
519671,"Great apartment in central Berlin"
520389,"Great Design apartment in Barcelona center"
520538,"Apart. Prenzlb./Helmholtzplatz WiFi"
521004,"APART. CONDE DUQUE DECO CD2 4 PAX"
521162,"Cozy apartment in Madrid center"
521329,"Nice&perfect location singel room"
521367,"Penthouse with terrace in SOL-WIFI"
522563,"Beautiful loft in downtown Madrid"
522705,"MODERN FLAT, BIG TERRACE BCN CENTER"
522987,"Between Sagrada F. & the Beach DBL Room"
523052,"Domizil Neu Venedig FeWo für 4 Per"
524003,"NEXT TO PLAZA MAYOR STATELY BUILDNG"
525162,"Designer Loft in Berlin, Germany"
526016,"CAROLINAHOUSE 1"
526094,"Nice, sunny & quite single room in the center"
526162,"Single room in shared flat. Central"
526513,"Sol.  Your home in Madrid´s Heart"
528979,"Acogedora suite y mucho encanto!"
530315,"Wohlfühl-Insel - Ideal zentral 76 qm Vollkomfort"
530527,"Welcome to Apartment "Kleinod"!"
531195,"Bright four bedroom apartment with balconies"
531677,"Bright room in the Gran Via!!!!"
531851,"Luxury Barcelona Center Up to 12"
531854,"Cozy GRAN VIA PENTHOUSE WiFi A/C"
532687,"lovely home - heart of neukölln"
533450,"Apartment in the center of Madrid"
533523,"Berlin Designer Apartment Marlene"
533864,"new, stylish, comfortable, center"
534410,"Sagrada familia splendid Attic amazing view"
534415,"Spac. 85m sq three room appartment,"
534550,"Bright three bedroom apartment with balconies"
534931,"Feine Sonnenloge/Splendid Sunlodge"
536310,"Room....Madrid CENTER"
536470,"Quiet flat, close Sagrada Família"
537176,"Nice renewed apartament with WiFi (HUTB - 004893)"
537234,"Single Naranja en casa de artista"
537442,"Kreuzberg, danish design, quiet!"
538073,"STUDIOS CONDE DUQUE DECO"
538871,"Prenzl'Berg - bright & beautiful"
539349,"habitación para 1 o 2 personas"
540705,"LITTLE JEWEL IN TOP BEAUTY SPOT!"
540774,"DUPLEX CONDE DUQUE DECO 6 PAX 4B"
540937,"MELROSEPIES APARTMENT / CITY CENTRE"
541020," Charming apartment on KU-DAMM"
541288,"10 MINUTES TO THE POTSDAMERPLATZ"
541569,"Apartment near Mauerpark"
542316,"by the lake"
542401,"THREE BEDROOMS LA RIBERA"
542674,"Nice room in Berlin Schöneberg"
543342,"Gran Vía Apartment Catalunya square"
543728,"Room in a nice sunny apartment"
544553,"freundliche Unterkunft im Herzen Kreuzbergs!"
544736,"SUNNY & EASY ACCESIBLE BEDROOM"
544995,"LUXURY HOUSE IN BCN NEAR THE BEACH"
545037,"ROOF TERRACE DREAM CHARLOTTENBURG"
545065,"Nice modern flat in Berlin-City"
545174,"MADRID - MONCLOA "
545207,"Penthouse Room with large Terrace heart of BCN"
545768,"Room 1 in Paseo la Castellana."
545781,"Rooms 4 in Paseo la Castellana"
545782,"Rooms 2 in Paseo de la Castellana"
546735,"Quiet and confortable apartment."
547229,"Life is great when we really share!"
548052,"sfp2 NEW 2 BDR FLAT SAGRADA FAMILIA"
548212,"Single room with private bathroom"
548353,"Cozy at heart of Chamberi Madrid. 4"
548995,"CHIC and CENTRAL apartment +WIFI"
549483,"Puerta del Sol: It´s Perfect!!!!"
