host_id,host_name
82522,Meritxell
108310,Pedro
134698,Svetlana
136853,Fidelio
135703,Nick
73163,Andres
152232,Pablo
158596,Ester
177617,Joaquin
90417,Etain
208154,Cate
280070,Cristina
297545,Anil
323105,Amivelaz
340570,Atún
353987,Alex
366428,Ariadna
366654,"Arian Watermelon Barcelona!"
375625,Xavier
383697,Anna
385249,Joel
382031,Lisette
400154,Mireia
431839,Xavier
95585,Daniela
700165,"Wonderful Barcelona"
488117,"David Y Maria"
488151,Pols
497450,Francesc
509260,Dalila
603336,Kiko
594334,Carmen
635253,Sebastian
641496,Dolors
664196,Teresa
666414,Fiona
610674,Maria
711907,Antuan
742068,R&M
474355,Annais
713364,Horacio
859557,Montse
860071,Joan
863772,Graciela
852032,Brais
829660,"Maria Olga"
784341,Paola
494228,Julián
896554,"Josep Lluís"
896690,Mona
939590,Mónica
944355,"Luis Alberto"
913807,Ariadna
953719,Maria
440825,Teresa
1013855,Alex
1014050,Minerva
1027356,Jesper
1033366,Elena
1037730,"Elisagela Cristina"
1110014,Janeth
1130143,Jan
4369049,Ariadna
1227290,Francesca
1228590,Antonio
1201857,Jordan
249351,"María Candela"
1257705,"José Luis"
15884961,Pilar
1310304,Lluís
1298586,"Kristjan Y Ana"
1350468,Petrutz
1352184,Jasmin
832875,Pau
1369675,Javier
1377744,"Esther & Gemma"
1404293,Sergio
1405013,"Bcn Clols Apartments, S.L."
1406951,Salva
1411775,Jeremies
1414100,Xavier
155686,Sonia
1425070,Mar
1429552,Marta
1432835,Angel
1435464,Jaume
1443815,Francisca
1451449,"Pedro & Rita"
1354169,Valentin
1475411,Francesco
1489008,"Anne Li"
1174446,"Sailing Dreams"
1447144,Jaesse
612665,Oscar
1541784,Aga
1570247,Irene
1994100,Marcello
1608447,Carla
1642180,"The Loft"
880805,Miguel
893805,"Phil And Fiona"
1697782,Jóse
1221038,Mar
1744516,Silvia
1753990,Filippo
1764288,Henry
1786501,Fidel
1791076,Martini
1809535,Silvia
1817722,Augusta
1818044,Ricardo
1820272,Rosa
1837053,Ayal
1839136,Mires
1260560,Ralph
1890337,Maribel
1444707,Jesus
1915191,Montserrat
1751133,"The Punset Family"
674212,Juanmi
1926968,Monica
3775349,Leyre
1930520,Maria
1968590,Manel
1780871,Tanner
2004002,Xabier
2006133,Bruce
2009370,Elena
1117598,"Amanda & Karl"
2032512,Magali
2034854,Roger
2041901,Dani
542867,Gabriela
1984642,Luciana
2074943,Kris
2108468,Carlotta
2116153,Victor/Paula
2142963,Igor
400416,"Cens Sl"
898600,Andre
2176121,"Rosa María"
2181314,Javier
777327,Diego
2204578,Francesca
2218343,Elvira
2218867,Georgia
1267680,Victor
2264628,Maria
2075504,Nuri
2296262,Nona
2262273,Emilia
2298462,"Juan Carlos"
2304846,Ninona
1481173,"Ciprian & Rose"
2337603,Rosa
1614471,"Guest House"
1348524,"Tomás Becket"
2358821,"Anna Micaela"
2365702,David
1724144,"Promociones Andreo SL"
726695,Retrome
2320210,Kim
2397234,Alicia
2400841,Skye
2411278,"Anna & Marcos"
9535595,Adrian
2426746,"Joel Giraldo"
2488904,"Luis Y Jose Luis"
2303967,Anna
2517389,Sara
1093718,Alexey
2534420,Roser
2540353,"Josep Mª"
1332544,Ramon
2551150,"Juan Maria"
1206797,"Juan Miguel"
1009636,Charles
2570705,Pilar
2586242,Gemma
2598629,Néstor
2608724,"Hector Alvaro"
2626568,Caroline
2635504,Mireia
2638282,Fernando
2650341,Marga
2555053,Sandra
2556699,Ernest
2680490,Quim
2689815,Ricardo
1474565,Ana
2736874,Mara
2741652,Rodrigo
2745490,Bori
2201772,Dimitry
2747795,Stephanie
1391607,Aline
2773231,"Arama & Jordi"
2788133,Adriano
2793529,Cleofas
2794626,Jordi
2795488,Zulma
1367370,Karen
2700806,Andres
265165,Jarrod
2818497,Miriam
2833463,Josefa
2667830,Claudia
2836824,Jacobo
2324254,Nuria
2846323,Joan
2660281,Maria
2879377,Joaquim
2895402,Cristina
2738055,Pepo
2843608,Fernando
6057270,"Gemma & Alex"
2584681,"Paul & Emilie"
2934588,"Aleix Y Alba"
2937042,Eleonora
2903982,Elisenda
2955244,Tania
2958781,Carlos
2968616,Imma
2997406,Laura
3028710,Christian
3031754,Miguel
3039107,Manuel
1683936,Ghat
3081150,Andrea
3104711,"Javi & Charo"
3080717,Leonor
2123233,Oscar
3134685,Florian
114509,Stevie
3165650,Pili
3099749,Martina
3182737,Desirée
3194412,Cloud5
3196093,Leia
3200533,Morgan
3041333,Kees
3269311,"Josep Maria"
2747085,Kim
3347847,Frédéric
3348832,Mathieu
3348358,Pier
3357515,Teresa
3235383,Juan
3378062,Antonio
3399123,Eberhard&Aurélie@Es-Flats
3403659,Montserrat
3422175,"Joan Marc"
3424464,Ramon
3426138,David
3429484,"Sandra      P."
3438513,Epi
3441858,Jose
3447779,Marcelo
3459348,Patricia
3479346,"Ewa & Pau"
3481371,Eduard
3488091,Jorge
942210,Pia
3515147,Jaume
3516334,"J. R"
2907783,Camille
3541131,Antonio
3019128,Roser
3454952,Eduard
3590196,Anne
3590691,Betina
3603800,Tere
2114524,Ale
2579651,"José Alejandro"
3682696,Montserrat
3705838,Luis
3724467,EasySleep
3548964,Xavier
3743250,Sara
3487870,Denis
1935498,"Nadia & Taras"
3514423,Sven
3754260,Lisandro
3786292,Flavio
10704,Weflating
3811607,Cesc
3815217,Sara
3374504,Diana
3868307,Maria
3874266,Peret
3726119,"Lía (Rosalía)"
3889607,Carla
3899934,Lluís
3678711,Joan
299462,"Stay U-Nique"
3913234,Jaume
3920790,Carla
3922188,Marta
3102808,"Carlos Y Reyes"
3962572,Magda
3987152,Yeni
3707801,"María Del Rosario"
4006184,"Vanesa And Daniel"
4012887,Pilar
4030082,Pau
4048635,"Angels Y Julia"
4063266,"Anna & Vince"
4064440,Andreas
1288050,Rui
4092116,Xavier
4093480,"Evelin & Gisele"
3038266,Ingrid
3885805,Ana
4101093,Eli&Agus
4129048,Laia
4145430,Pau
1384020,Odi
4171310,Fanny
4175419,Yolanda
1193543,Luca&Bruno
3346610,"The Urban Suites"
4206410,Sonia
4217311,Frédéric
3317755,Amaranta
4232898,"Jordi & Manel"
3026783,Mati
206635,Miriam
4260952,Marc
4309990,"María Isabel"
2036118,Caridad
4086313,Magi
1200218,Pv
4357751,Silvia
4305996,Ed
3901019,"Dorothee & Jerome Team"
4382099,"Paloma & Luiz"
1869452,Giorgio
4258344,Sandra
631951,Cristina
4404179,Henar
4419532,Rafael
7843388,Andrea
4085156,Ferran
4437210,Santos
4458114,R.K.
4460420,Edina
4481767,Daniela
1791366,"José Manuel Y María"
4503125,Belén
1422875,Suzy
4452491,Ignacio
2489470,Barbara
3709040,Elisabet
2688205,Mònica
826476,Gerard
4427588,David
3342699,Moran
2366949,Jordi
4638971,Silvia
1330487,"Juan Carlos"
4649744,Nigel
4653599,Gemma
4261436,Jessica
4597849,Ofelia
759411,Raquel
4710878,Bibiana
2394743,Javier
4720380,Emile
4749906,"Juan Pedro"
4585497,Ann-Veronique
4778919,"Andrea & Yanet"
3981757,Maria
4805453,Juan
4814875,Carles
4831362,Keith
3607773,Rosa
4895881,"Alonso Y Gemma"
4918438,"Ines & Jepis"
4979056,Deisi
2544960,Claudio
2769731,Steve
4897883,Simona
5020114,Marc
665423,Carme
3541314,Yih
5035608,Persita
5044674,Ester
5045046,Giovanna
5057234,Pablo
5036026,Lola
5060686,Mariano
5082480,Francesco
5096271,Roger
5097332,"María Asunción"
5103491,Faby
134673,Nuestramérica
5126902,"Francesc & Laura"
721378,Gio
5157936,"Ricardo Rubén"
5178840,Marc
5197001,Javier
3099440,Lluís
2935086,"Noelia & Fabiola"
5209719,Jordi
5219447,Sean
5221907,Natalia
5223003,Bruna
5223863,Mercedes
5236677,"Marcel I Marta"
5249210,"Maria Luisa"
5170597,SamFlat
5274991,Soler
4905017,Laura
3376710,"Maria StayBarcelona"
5349333,Sarah
34580,Ron
5359193,"Roberto & Elisenda"
5385759,Cesc
4507138,"Dani & Laura"
5405357,Rosa
5414684,Alex
121825,Marta
5418788,François
5420668,"Marcelo & Luisa"
5428204,David
4639926,Jose
4021283,"Cristina Y Onix"
5000992,Sid
5489103,"Apartments Sagrada Familia Encants"
5499752,"Andrea Giaime"
5509819,Pepita
5511646,Cristina
2379410,Liliya
5314041,Claudia
5449946,Pilar
750385,Francisco
5560246,Irene
5583695,Felicidad
5583741,Soledad
804868,Ivan
5617051,Anna
5621279,Norma
5621962,"Angeles & José"
2603961,"Jessy Y Alex"
5647375,Laurence
5655546,Iflats
4864707,Rocío
5664950,Neus
5683688,Isabel
5712331,Suites4days
5751589,Lackanton
5764841,Teo
5837160,Karina
5472538,Lobsang
5843487,Rosario/Diana
5873242,Mariona
5878688,Yaiza
5841645,Manuel
5888954,Núria
805226,Samuel&Slavko
3493945,Ana
5159312,"Antonio & Mauro"
3937003,Pedro
5919250,Frédérique
2110700,Anna
14580203,Brummell
5947431,Klaus
5954956,"Joan Quim I William Solano"
5966973,Sonia
3971935,Carmen
2903308,Joana
6008627,Montse
5107063,Laia
4193061,Liliana
2537484,Enrique
4226509,Eva
6040402,Michel
6042913,Sofia
6055609,Marta
1986299,Clickandflat
4249440,Miguel
6090865,Virginia
6092480,"Alex, Javi & Pilar"
6099660,"Barcelona Bedroom"
6107595,Cristina
6001714,Irene
2647278,M.Francisca
4042185,"Isabel Y Erwin"
6137063,López
6166581,Koni
783613,Maria
4985749,Patricia
3601196,Mar
2646488,Antonio
5840078,Maricarmen
5729069,Rosa
6251419,Donato
6251533,Aliona
6283535,Margarita
2475597,Javier
4640690,Edu
6289073,Helen
6299958,Pedro
4878564,Lourdes
6324464,"Rossella & Ignazio"
4433021,Andrea
6362995,Ana
7521925,"Yaya Maria Sisters"
3744544,Marta+Paul
6386184,Noe
6402136,Enric
6444776,Gemma
5432336,Patricia
2774073,Juanan
2083075,"Rentemporal Barcelona Sl"
6524172,Albert
3483066,Fabien
6521082,Francisco
139968,Max
6541786,Noemyh
6544866,"Mariana & Tomás"
131794,Damien
6467356,Nadia
6569922,Albert
2848016,Eloi
6600521,Lluís¬Lali
6482644,"Eloy & Maria"
6623148,Magno
5940318,Elisabet
3397801,Ivan
6649089,Inma
6680972,Esther
1030417,Gavin
6638407,Tirso&Noemi
6709450,Alessandro
6283549,"Ana Y Pablo"
1156593,Lola
6737316,Mireia
3748419,Alix
6759262,Jordi
6770220,Berta
6771003,Inma
6771638,Maria
6614111,Jose
6830217,"J. René"
5317410,Raimundo
6851314,Pau
6854268,Frederic
6854541,Daniel
6862183,Mireya
6901727,Daniela
6892245,Vaishali
6035310,Mar
6767012,Sergi
3412218,Sylvie
6920683,"Jepis & Clara"
6859113,Joana
6860226,Mercedes
4960486,Elsa
6975574,Lydia
6988795,Federico
71615,"Mireia And Maria"
7016641,Ricard
7019831,Imma
7032776,Guillermo
5369383,Alex
7047484,Mercedes
7046025,Ramon
7051599,Corinne
7091581,Fabrizio
7088764,LingJuan
161753,Carmen
7130005,Asa
6656278,Lydia
7143233,"Pablo And Franziska"
3313906,Adrian
1383425,Mireia
7209763,Mike
384518,Javier
7218242,Antoni
7231693,Alina
7238727,Iñigo
7148140,Christian
7270766,Laura
7281684,Arturo
7294913,Leslie
7305607,Raquel
7020955,"Luisa M."
4181734,Gabriela
7276241,"Angel Y Betty"
6951810,Margareth
6172706,Marisa
7414663,Julia
2114929,Sergio
5365437,Patrícia
7167787,Sofia
7492095,Dolors
7582008,Angela
10911051,"Pool Houses Barcelona"
2509252,Montaber
7612142,"Marcos Inacio"
6973725,Lluís
6748687,Joan
7638636,Luigi
3907915,Frank
7543951,Karolina
7671343,Roberto
7697867,Yucef
7758783,Luis
3123165,"Luis & Remo"
7772486,Pedro
4993461,Ana
7906740,Angeles
7922947,"Maria Lores"
7924185,Nuria
7957006,Victor
5170063,Ramon
1902744,Oscar
8028055,"Pere & Carme"
4389315,Fabio
8113530,Marcos
8101364,"Emilio Natali"
7866511,Emilio
8130906,Arina
5687733,Marta
8159503,Maria
8164313,Jordi
8166913,Elisenda
8174295,Martha
3038197,"Maria Antonia"
6992168,Simona
8297792,Eva
8304893,"Anna Maria"
8320113,Carles
3459017,ALb
8344442,Ivan
8380835,Mirentxu
6152293,"John & Laurent"
8457288,"Marta & Abel Francesc"
8506491,David
8410091,Lisa
8510344,Ksenia
8548700,Lyonel
2571392,Seikou
8592353,Xavier
3513529,Sergio
8630047,Alejandra
8666718,Ana
8683433,Elena
3156400,Beppe
1686710,Jorge
8741702,Ingrid
8743859,David
8487833,Carol
1853874,Isabelle
8779742,Diogo
4147219,Vicky
8843962,Eduard
8848709,"Adela Y Pedro"
1750495,Katya
8853433,Elisaveta
8876390,"Enric & Packo"
8878703,Sergio
8895416,Sara
8936234,Adri
447708,"Josep M"
8378089,Cristina
9101106,Victoria
9142587,Ramon
5092573,Jane
9159333,Mariona
9178847,Vivian
8965423,Nacho
9247816,Giulio
7053689,"Lana & Alain"
9200850,Antonio
8965203,Carme
9323451,Oana
9325312,"Luís & Silvia"
502278,Nicoletta
9477063,Xavier
9478280,"Pia Hankö"
9465372,Joan
9503026,Таtiana
9518808,"Jonas & Marc"
9539548,Sonia
9456665,"Hip Karma"
9547606,Miyya
9559117,Ana
2679993,Oliver
9590271,Marta
9588826,Marta
9649482,Péter
9675772,Eduardo
9709530,"Empar & Neus"
9721827,Albert
9740673,"Francisco Javier"
9794218,Inma
9799898,Carlos
9800084,Nu
9822728,"Apartments Sagrada Familia & Gracia"
7263547,Marc
9865890,Núria
8699017,Ana
9915110,María
9916442,"Stayourway Bcn"
9938297,"Alicia, Ignacio & Carlos"
9958746,Lars
8344816,Antonio
10037079,Judith
10056611,Eva
10072858,"Anna,Dory"
10095626,Adriana
10116421,Juanjo
3737066,Eric
4325571,Kaya
10209492,Pilar
8964574,Lourdes
10091776,"Oscar Y Susana"
2810950,Julia
9156769,"Short Stay Group"
10252018,Ariadna
5559536,"Ivy & Javi"
8232918,Nestor
10345559,Sergi
10381830,Angel
10386323,Teresa
10386910,"Mª Pilar"
10408247,Angel
6361457,Ramon
9100900,Miguel
10443875,Maria
4039955,Fabrice
8681658,Ximena
10485472,"Drew And Tamar"
10509562,Laura
10550672,Valentina
10619790,"Laia I Aleu"
1194137,Alessia
10639570,"Daria & Xavi"
10655439,Clara
2757645,"Anna & Raf"
10693680,Ramón
4959266,"Lux Apartments"
10025903,Ferran
3815137,"Jose Antonio"
10469973,A.Roberto
5756325,"Jacques & Aline"
1141201,Ricard
11000172,"Rosa Maria"
4024998,Gloria
11104800,Marita
11115028,Mono
11118039,Vincenzo
11138605,Bruno
9141076,Alicia
3021048,Cristian
11169435,"Ignacio & Sonia."
5795308,"Roberto Y Leandro"
10675247,Angels
11150824,Alex
2053965,Roberto
9979611,Claudio
11317669,"Jose Maria"
8317577,Xavi
11317386,Manel
7297363,"La Meva Llar"
10230130,Jana
11415911,Maribel
11283016,Esther
11502763,Anne-Cécile
5543127,"Vicky Agus"
11532247,Paco
8041861,Manuel
11563179,German
11573364,Mar
4922813,Flor
11657346,Oriol
11086217,Xavier
6510513,Katie
5070884,Laia
11753394,Elisabetta
11351550,María
2916484,Andrea
11786232,Ceci
11806249,Marta
11812636,Marc
11846024,"Cathrin Schroeder"
3465149,Jordi
11898236,"Lluis Y Nuria"
11905781,Dídac
11936605,Luxa
11972448,Carles
11994044,Paola
11997110,Pilar
12006146,Txell
12009484,Nete
2151490,Juan
12069461,Joaquim
12078387,Eva&Sebas
2748428,"Sha & Lydia"
12057242,Carlota
12115794,Marta
12122795,Oscar
12122822,Angeles
12144860,Jacques
12199935,Paulo
12079885,Blanca
3353128,Sara
12274801,Martin
12284536,Yanina
12172094,Sebastian
12349394,Albert
12343415,Armando
5563779,Oliver
12415569,Denis
6184290,"Piia & Fernando"
12385333,Yolanda
12451395,Eli
12472530,"Albert Urgell."
11504324,"Jose F."
718762,"Pablo & Paz"
5337036,Andrea
5582465,Iván
4855882,"Cruz, Mariana Y Attilio"
12643807,Vanessa
12649864,Isidre
12664825,Anaÿs
12665369,Elisa
1838761,Paul
8990459,Marta
7416666,Rocio
12748953,Carlos
12754807,Susana
12766815,"Marco Charles"
12836634,Mar
3800200,Leonardo
12854836,Julia
12945000,Josep
12950451,Cristian
1625939,Atif
6424582,Sara
12390424,Anna
794424,Josep
13023285,Yolanda
3145982,Najla
13066925,Dolors
13095613,Silvia&Gabri
7289721,Lara
3279569,Regina
13125561,Alessandra
13129634,Martha
13136147,Sofia
5226055,"Heleen & Rodrigo"
1978032,Manolo
6890187,Susana
13319329,¨Yvonne¨
12980367,Sylvie
13365629,Ana
180072,Marisa
12999510,Freddy
13485777,Francesc
11977235,Salomé
13516193,"Maria Carmen"
13604332,"José Manuel"
13662007,Assumpta
9920172,Natalia
13667793,Alex
13728386,Karla
13743577,Nelson
13528552,Johanna
13810481,Yök
13750382,"Laura &"
13842214,Rolf
1771095,Hans
10188615,Evelyn
7394624,Ana
5628157,"Henrik And Alexzandra"
5374312,Sigrid
11543470,"Maria Jose"
14036379,Sònia
14044495,Puri
14066470,Lolo
13166069,Eva
14127750,Barbara
14216613,Arne
14218681,Javiera
14227531,Claudio
13858065,Marisa
14232953,Amparo
8621770,"Cyril And Olivia"
14262872,Francois&Marite
8210620,Beatriz
14162823,Eike
14369643,Peter
14397732,Filippo
14306662,Montserrat
11902611,Angels
1348378,Lidia
14468329,Loni
3976834,Angel
1176331,Rab
14682866,Sara
13577064,Mireia
12428557,"M. Carmen"
14743830,Joan
1749048,Marc
1254851,Romina
3457901,Sergi
14945304,Luisa
14945317,Samanta
14458726,Montse
4110458,Oriol
14979846,"General Estate"
15005753,"Pep & Luís"
7222650,"Leo & Kate"
15044354,Tony
15044839,Michele
15035807,"Joikim 98 SL"
15079522,88delaRambla
10044989,Vincent
794400,Tommaso
15179923,Giovanni
15233770,Pau
15256420,Inma
3657456,Reyes
3750189,Alex
15189095,Mila
9667715,Romina
3373868,Ana
6741457,Violet&Yohan
656048,Vanessa
5650710,Alicia
15386114,Jordi
15462916,Nataly
3289975,Carmela
15465424,"Emilie & Jerome Team"
15203695,Adriana
15521380,Angel
15366340,Anabel
15592785,Sandra
15609974,Jorge
15681396,Gabriela
15685749,Montse
8649224,Sonia
2339500,Javier
10730981,Artur
10380563,Tendency
15754992,Sergi
15705357,Alexia
15775041,"Joan Ramon"
4459553,Eva&Jacques
10658063,Valeria
15841044,Marc
15844325,Jean-Michel
11817710,Salònica
762513,Marcela
15924495,Myriam
15955326,Laila
6944520,Flor
15971506,"Sonia Y Alireza"
16000636,Valentina
16028594,Manuela
1029387,Andres
16074716,"Manuel  Y Gardenia"
16090312,Imene
16133934,Sofia
10856286,Martin
16161952,"Maria Fernanda"
16169486,"Meritxell & Octavi"
16174380,Núria
480528,Andrei
2616362,Isabella
16254950,René
5021111,Paola
491007,Inobooking
16296537,Daniel
4627509,Barbara
7066746,"Daniel Y Linn"
1275637,"Jerome & Co"
10670701,Vanessa
7255295,Nika
3733897,Mim
2590119,David
7741370,Alba
14181056,Taras
16473035,Eloy
16499274,"Jaime Andres"
5077282,Fabrice
16631497,Cristina
16651888,"Juan José"
6524104,Aude
3390554,Jura
16699580,Constance
12595856,Berta
16736075,Xavier
16755009,Tse
16773140,Alexis
5515536,Alessandro
16827262,Mercè
