listing_id,host_name
4823516,Ian
1290278,Ricard
2152440,Ricard
2324304,Ricard
3089510,Ricard
55853,Britta
582053,Britta
3719651,Britta
4065972,Britta
6616129,Britta
239139,Jana
1666495,Jana
2221191,Jana
2727771,Jana
3381495,Jana
3748232,Jana
4292728,Jana
5256111,Jana
5288068,Jana
6247716,Jana
92920,Raul
521162,Raúl
604150,Raúl
756707,Raul
760104,Raúl
797713,Raúl
987537,Raúl
1082218,Raúl
1184735,Raul
2328281,Raúl
3300064,Raúl
3409314,Raül
4119094,Raúl
4521407,Raúl
4626795,Raúl
4876818,Raúl
4876822,Raúl
5361601,Raul
5460272,Raül
5808385,Raúl
6097996,Raul
6707949,Raúl
466983,Claudia
576383,Claudia
681132,Claudia
682853,Claudia
685944,Claudia
821270,Claudia
948364,Claudia
1005399,Claudia
1005420,Claudia
1088792,Claudia
1088794,Claudia
1102875,Claudia
1222290,Claudia
1509828,Claudia
1544094,Claudia
1953003,Claudia
2061221,Claudia
2157359,Claudia
2233347,Claudia
2888184,Claudia
3375874,Claudia
3508253,Claudia
3564131,Claudia
3966898,Claudia
4518901,Claudia
4602864,Claudia
4658712,Claudia
5097014,Claudia
5101904,Claudia
5466717,Claudia
5617072,Claudia
6338461,Claudia
6342881,Claudia
6771783,Claudia
6874802,Claudia
7568544,Claudia
5536095,Amelie
7574959,Amelie
60161,Michael
186908,Michael
186999,Michael
226925,Michael
231220,Michael
573259,Michael
749508,Michael
851630,Michael
851688,Michael
860671,Michael
1017368,Michael
1379902,Michael
1821232,Michael
1837577,Michael
1849648,Michael
2885872,Michael
3210996,Michael
3378181,Michael
3627970,Michael
4149626,Michael
4368945,Michael
4383859,Michael
4383973,Michael
4566776,Michael
4627321,Michael
4687417,Michael
4771632,Michael
5024745,Michael
5239059,Michael
5391267,Michael
5855049,Michael
5945255,Michael
6192784,Michael
6310519,Michael
6653210,Michael
6894264,Michael
7230011,Michael
7367209,Michael
7731476,Michael
7786523,Michael
7970986,Michael
7235686,Cara
928725,Steve
4108878,Steve
4492553,Steve
5528697,Steve
6035096,Steve
6299317,Steve
229099,Hannes
4687580,Hannes
6150886,Hannes
6435043,Hannes
7004769,Hannes
5469293,Celina
359917,Simon
1196411,Simon
1373227,Simon
3331242,Simon
4802831,Simon
4877278,Simon
6417916,Simon
6531732,Simon
6742843,Simon
6876535,Simon
7118518,Simon
7457629,Simon
7676434,SImon
7823323,Simon
7861432,Simon
59923,Patricia
437670,Patricia
679664,Patricia
938661,Patricia
1129827,Patricia
1152829,Patricia
1188839,Patricia
1213201,Patricia
1215339,Patricia
1241225,Patricia
1266877,Patricia
1380233,Patricia
1386677,Patrícia
1846137,Patricia
2138396,Patricia
2218860,Patricia
2246753,Patricia
3358397,Patricia
3613384,Patricia
3635594,Patricia
3992832,Patricia
4196462,Patricia
4292312,Patricia
4483457,Patricia
4610380,Patricia
4791617,Patricia
5053322,Patricia
5370698,Patricia
5451147,Patricia
6469571,Patricia
6471508,Patricia
6498310,Patricia
7077608,Patricia
7609239,Patricia
7694134,Patricia
7703640,Patricia
7704180,Patricia
7948481,Patricia
885925,Philipp
1379257,Philipp
1864045,Philipp
2385565,Philipp
2428848,Philipp
2708821,Philipp
2827387,Philipp
3104160,Philipp
3163841,Philipp
3450211,Philipp
3492202,Philipp
4410151,Philipp
4854044,Philipp
5064409,Philipp
5293833,Philipp
5301234,Philipp
5668343,Philipp
5867615,Philipp
5883823,Philipp
5892814,Philipp
6665739,Philipp
6756421,Philipp
7345847,Philipp
7455586,Philipp
7555727,Philipp
377304,Ron
4083477,Ron
5781988,Ron
72436,Xavier
80004,Xavier
270050,Xavier
380421,Xavier
684564,Xavier
722742,Xavier
775794,Xavier
1258446,Xavier
1614109,Xavier
1808321,Xavier
2219194,Xavier
2292786,Xavier
2505598,Xavier
3314434,Xavier
4406498,Xavier
5227525,Xavier
5293741,Xavier
6034571,Xavier
6035889,Xavier
81291,Daniela
857030,Daniela
1264285,Daniela
4103180,Daniela
4626449,Daniela
4666545,Daniela
4906079,Daniela
6522951,Daniela
6673068,Daniela
7669311,Daniela
128827,Kai
271340,Kai
768466,Kai
904637,Kai
1511005,Kai
4357805,Kai
4813228,Kai
4876448,Kai
6103503,Kai
6488671,Kai
7284411,Kai
4773933,Marine
5093704,Melanie
5782269,Melanie
7361753,Melanie
7686094,Melanie
2047139,Inga
2050016,Inga
2078746,Inga
201224,Rene
1419206,René
1816573,René
3208280,René
3867903,Rene
5360780,René
7627356,René
252967,Wolfram
252993,Wolfram
253005,Wolfram
255722,Wolfram
4290174,Wolfram
4318976,Wolfram
4406052,Wolfram
7484543,Wolfram
153015,Marc
337755,Marc
594495,Marc
612197,Marc
803861,Marc
814154,Marc
814172,Marc
814177,Marc
814182,Marc
814202,Marc
814226,Marc
931756,Marc
936818,Marc
936850,Marc
953750,Marc
1125176,Marc
1126699,Marc
1454173,Marc
1624008,Marc
1664492,Marc
1753483,Marc
1790446,Marc
1891083,Marc
2313161,Marc
2896567,Marc
3117404,Marc
3445203,Marc
3445276,Marc
4543778,Marc
4544217,Marc
4905886,Marc
6530835,Marc
7334380,Marc
7936986,Marc
1165955,Mina
3453772,Mina
151644,Andres
569610,Andres
1236282,Andres
1320674,Andres
2495446,Andres
3167271,Andres
4683548,Andres
4876801,Andres
5008477,Andrés
5748366,Andres
6336716,Andrés
7284888,Andrés
7667411,Andres
6322584,Anne-Sophie
1777907,Ismael
5666423,Ismael
548212,Maite
3567801,Maite
6275781,Maite
7068784,Maite
191023,Anne
233453,Anne
434209,Anne
501735,Anne
699920,Anne
700150,Anne
879602,Anne
893313,Anne
1277277,Anne
1653089,Anne
2207843,Anne
2412835,Anne
3965982,Anne
4143769,Anne
4213594,Anne
4344155,Anne
4344263,Anne
4344324,Anne
4344370,Anne
4344409,Anne
4344485,Anne
4349376,Anne
4349572,Anne
4425822,Anne
4486999,Anne
4590103,Anne
4648461,Anne
4648704,Anne
4722941,Anne
4906835,Anne
5634664,Anne
5837003,Anne
6081509,Anne
6229058,Anne
6351275,Anne
6431465,Anne
6587944,Anne
6827025,Anne
7292604,Anne
7752035,Anne
7849941,Anne
224571,Carol
1648294,Carol
6307779,Carol
58780,Katja
204609,Katja
297521,Katja
357958,Katja
469084,Katja
867196,Katja
1095720,Katja
1130984,Katja
1244210,Katja
1306679,Katja
1647378,Katja
2425068,Katja
2639330,Katja
3299282,Katja
3349299,Katja
3860522,Katja
5217832,Katja
5741519,Katja
6229070,Katja
6375625,Katja
7511673,Katja
7925838,Katja
41306,Sebastian
128463,Sebastian
623231,Sebastian
795792,Sebastian
1315106,Sebastian
2227536,Sebastian
2398866,Sebastian
2408211,Sebastian
2945314,Sebastian
2985030,Sebastian
3080548,Sebastian
3249284,Sebastian
3378895,Sebastian
3461424,Sebastian
3945778,Sebastian
4819036,Sebastian
5349786,Sebastian
5664952,Sebastian
6417973,Sebastian
6456183,Sebastian
6666418,Sebastian
6875558,Sebastian
7112336,Sebastian
7855247,Sebastian
2929033,Susan
6721589,Susan
753097,Tanja
1525501,Tanja
2509310,Tanja
3801906,Tanja
6312392,Tanja
6802191,Tanja
857030,Daniela
1264285,Daniela
4103180,Daniela
4383632,Daniela
4626449,Daniela
4666545,Daniela
4906079,Daniela
6522951,Daniela
6673068,Daniela
7669311,Daniela
1783776,Samuel
2020765,Samuel
7661635,Samuel
7662551,Samuel
7899329,Samuel
5065692,Damián
6428925,Damián
3067072,Finn
2929392,Dominik
4824906,Dominik
6596516,Dominik
6670158,Dominik
7740042,Dominik
7839294,Dominik
7981715,Dominik
121210,Carmen
463246,Carmen
477656,Carmen
707232,Carmen
814870,Carmen
838698,Carmen
838712,Carmen
839805,Carmen
919608,Carmen
1091090,Carmen
1307420,Carmen
1448440,Carmen
1626586,Carmen
1636170,Carmen
1698916,Carmen
3081217,Carmen
3097328,Carmen
3654455,Carmen
4340187,Carmen
4822192,Carmen
5260701,Carmen
5308735,Carmen
5309994,Carmen
5318935,Carmen
5418925,Carmen
5419338,Carmen
5506666,Carmen
6218820,Carmen
7021187,Carmen
7273370,Carmen
7510165,Carmen
7730180,Carmen
680784,Pedro
1074100,Pedro
1149191,Pedro
1150062,Pedro
1150128,Pedro
1373743,Pedro
1448092,Pedro
1847411,Pedro
2093073,Pedro
2224238,Pedro
3008434,Pedro
3840575,Pedro
4725879,Pedro
4907750,Pedro
5072622,Pedro
5468510,Pedro
5659065,Pedro
5711745,Pedro
5722288,Pedro
6180226,Pedro
6199834,Pedro
7001992,Pedro
7196309,Pedro
7354141,Pedro
7688164,Pedro
7795344,Pedro
7855175,Pedro
7867903,Pedro
431652,Eric
1958839,Eric
7625276,Eric
209673,Elena
342095,Elena
402633,Elena
521329,Elena
531854,Elena
886886,Elena
917907,Elena
1005754,Elena
1115899,Elena
1168731,Elena
1634741,Elena
1644159,Elena
2500258,Elena
2869377,Elena
2873100,Elena
3078358,Elena
3202837,Elena
3400148,Elena
5071698,Elena
5210987,Elena
5990028,Elena
6011484,Elena
6053674,Elena
6243314,Elena
6319799,Elena
7020500,Elena
7648651,Elena
7795821,Elena
273229,Marta
282715,Marta
747274,Marta
758823,Marta
1102498,Marta
1138633,Marta
1256157,Marta
1418423,Marta
1458472,Marta
1524619,Marta
1834026,Marta
1839612,Marta
2161538,Marta
2289744,Marta
2311660,Marta
2371591,Marta
2482182,Marta
3166047,Marta
3677219,Marta
3907905,Marta
3942375,Marta
4319956,Marta
4577941,Marta
4675111,Marta
5004249,Marta
5071090,Marta
5656076,Marta
5736797,Marta
5994871,Marta
6447941,Marta
7164589,Marta
7451229,Marta
7911423,Marta
7942269,Marta
127708,Stéphanie
558886,Stephanie
1176655,Stephanie
1202152,Stephanie
2777001,Stephanie
6821500,Stéphanie
817848,Luisa
2490608,Luisa
2862433,Luisa
2926903,Luisa
3271898,Luisa
3848666,Luisa
6779823,Luisa
7123664,Luisa
7872740,Luisa
654038,Steffen
878037,Steffen
878387,Steffen
1237568,Steffen
2174040,Steffen
3211272,Steffen
3921411,Steffen
316327,Chris
1989884,Chris
2011163,Chris
4331650,Chris
31440,Thomas
209649,Thomas
242978,Thomas
370561,Thomas
566841,Thomas
881436,Thomas
929443,Thomas
1155736,Thomas
1165431,Thomas
1224679,Thomas
1760492,Thomas
2191449,Thomas
2735808,Thomas
3134876,Thomas
4391754,Thomas
4453432,Thomas
4460490,Thomas
4647473,Thomas
4784435,Thomas
5477870,Thomas
5651004,Thomas
6241797,Thomas
6478509,Thomas
6736021,Thomas
6798668,Thomas
7111882,Thomas
7433767,Thomas
7522157,Thomas
7745699,Thomas
7807180,Thomas
7869169,Thomas
7948861,Thomas
197267,Federico
1053180,Federico
1284653,Federico
2240875,Federico
3040893,Federico
3066359,Federico
6414040,Federico
7589134,Federico
7851334,Federico
4104843,Dana
5872093,Dana
7282569,Dana
6332947,Damien
7003131,Damien
7061307,Damien
193923,Mónica
384867,Monica
394692,Monica
679965,Monica
863253,Mònica
867893,Mònica
1334684,Monica
1357045,Mònica
1429236,Mònica
1951405,Mònica
1996319,Mònica
2192321,Mónica
2292917,Mònica
2543760,Monica
2682364,Monica
2804502,Mònica
2892153,Monica
4116340,Monica
4232982,Monica
5481048,Monica
5608098,Mònica
5674646,Monica
5737938,Monica
6159615,Monica
6818479,Monica
7034555,Monica
7120267,Monica
7652799,Mònica
618406,Luis
718469,Luis
867629,Luis
1216199,Luis
1262589,Luis
1445152,Luis
1926867,Luis
1955384,Luis
1965142,Luis
2982617,Luis
3478893,Luis
3517921,Luis
4074845,Luis
4411068,Luis
4677274,Luis
4677276,Luis
4677743,Luis
4924944,Luis
5090483,Luis
5232887,Luis
5307697,Luis
5323307,Luis
5791017,Luis
6542642,Luis
6568036,Luis
6790073,Luis
6832931,Luis
7144996,Luis
7208299,Luis
282113,Olga
371532,Olga
624703,Olga
1066993,Olga
1427156,Olga
1863324,Olga
3871145,Olga
4994724,Olga
5938638,Olga
7344534,Olga
156010,Angela
1404935,Angela
1420428,Angela
4703945,Angela
5328463,Angela
5533930,Angela
6510436,Ángela
7661604,Angela
209649,Thomas
242978,Thomas
370561,Thomas
566841,Thomas
881436,Thomas
929443,Thomas
1155736,Thomas
1165431,Thomas
1224679,Thomas
1760492,Thomas
2191449,Thomas
2735808,Thomas
2880063,Thomas
3134876,Thomas
4391754,Thomas
4453432,Thomas
4460490,Thomas
4647473,Thomas
4784435,Thomas
5477870,Thomas
5651004,Thomas
6241797,Thomas
6478509,Thomas
6736021,Thomas
6798668,Thomas
7111882,Thomas
7433767,Thomas
7522157,Thomas
7745699,Thomas
7807180,Thomas
7869169,Thomas
7948861,Thomas
824657,Nick
4754971,Nick
7005097,Nick
432460,Max
534931,Max
707670,Max
1617848,Max
1658942,Max
1917991,Max
2353160,Max
2923100,Max
3789586,Max
3913558,Max
5091645,Max
6319458,Max
6690077,Max
6961269,Max
7160935,Max
7395225,Max
7515951,Max
4930385,James
7757934,James
7050004,Veronika
346018,Filippo
1721379,Filippo
2709604,Filippo
2814997,Filippo
1423398,Ella
7588243,Ella
193625,Rob
7524198,Rob
4393210,Stefania
177846,Laila
919430,Laila
3142425,Laila
5636221,Laila
359917,Simon
1196411,Simon
1373227,Simon
3331242,Simon
4802831,Simon
4877278,Simon
6417916,Simon
6531732,Simon
6742843,Simon
6876535,Simon
7118518,Simon
7457629,Simon
7676434,SImon
7823323,Simon
7861432,Simon
172348,Pablo
721831,Pablo
856669,Pablo
936781,Pablo
1610861,Pablo
1691073,Pablo
2054538,Pablo
2343336,Pablo
2684726,Pablo
2684767,Pablo
3113226,Pablo
3341990,Pablo
3473045,Pablo
3813714,Pablo
4132363,Pablo
4800588,Pablo
5112669,Pablo
6163177,Pablo
6207493,Pablo
6379619,Pablo
6416876,Pablo
6911348,Pablo
7094742,Pablo
7964249,Pablo
112650,Fernando
406341,Fernando
467552,Fernando
537176,Fernando
588996,Fernando
745664,Fernando
946453,Fernando
947561,Fernando
1569343,Fernando
2487986,Fernando
3542116,Fernando
3550163,Fernando
4203619,Fernando
4384036,Fernando
4972392,Fernando
5373240,Fernando
5676811,Fernando
6861360,Fernando
7472531,Fernando
163429,Sonia
616027,Sonia
774008,Sonia
799240,Sonia
1085376,Sonia
1666874,Sonia
1822149,Sonia
1901646,Sonia
1930881,Sonia
2100677,Sonia
2743539,Sònia
3083439,Sonia
3462828,Sonia
3515542,Sonia
4794359,Sonia
6119334,Sonia
6652283,Sonia
6796064,Sonia
183988,Jennifer
2195378,Jennifer
3438672,Jennifer
6489124,Jennifer
7229556,Jennifer
1147333,Helen
2060443,Helen
7681202,Helen
934979,Ester
244425,Bernd
276044,Bernd
277653,Bernd
301887,Bernd
7849188,Bernd
4358176,Marcus
6110769,Marcus
6927351,Marcus
7336689,Marcus
121210,Carmen
463246,Carmen
477656,Carmen
707232,Carmen
814870,Carmen
838698,Carmen
838712,Carmen
839805,Carmen
919608,Carmen
1091090,Carmen
1448440,Carmen
1626586,Carmen
1636170,Carmen
1698916,Carmen
3081217,Carmen
3097328,Carmen
3174982,Carmen
3654455,Carmen
4340187,Carmen
4822192,Carmen
5260701,Carmen
5308735,Carmen
5309994,Carmen
5318935,Carmen
5418925,Carmen
5419338,Carmen
5506666,Carmen
6218820,Carmen
7021187,Carmen
7273370,Carmen
7510165,Carmen
7668220,Carmen
7730180,Carmen
768311,Begoña
819738,Begoña
823321,Begoña
2355344,Begoña
4295344,Begoña
4421901,Begoña
4773466,Begoña
7465105,Begoña
80843,Oliver
116832,Oliver
169603,Oliver
336869,Oliver
1251270,Oliver
1344035,Oliver
1345607,Oliver
1779465,Oliver
1830227,Oliver
1838306,Oliver
2154488,Oliver
2258125,Oliver
2259804,Oliver
2268216,Oliver
2428246,Oliver
2541764,Oliver
2774846,Oliver
3326966,Oliver
3791976,Oliver
4237187,Oliver
5359079,Oliver
5377067,Oliver
5692305,Oliver
5906473,Oliver
6000932,Oliver
6321929,Oliver
6718585,Oliver
6874816,Oliver
7044546,Oliver
7165718,Oliver
7171676,Oliver
7495977,Oliver
7846921,Oliver
7880272,Oliver
7959426,Oliver
6368431,Julius
7058758,Julius
7258558,Julius
7908213,Julius
789554,Patrick
1186878,Patrick
4419264,Patrick
4923935,Patrick
6723647,Patrick
6859665,Patrick
7273075,Patrick
313677,Judith
689619,Judith
696372,Judith
829409,Judith
865222,Judith
1940776,Judith
2039611,Judith
2549136,Judith
4254522,Judith
4415780,Judith
6867552,Judith
6929355,Judith
7326380,Judith
7616232,Judith
597038,Sofía
740200,Sofía
1100121,Sofia
1392132,Sofia
1893325,Sofia
2567723,Sofia
3181996,Sofia
