host_name,host_id
Britta,3718
Jana,4108
Bright,17391
Philipp,33852
Melanie,59666
Wolfram,67590
Ismael,74966
Marc,71331
Kiki,86068
Ramfis,87357
Tanja,94918
Dominik,99662
Tenty,101653
Pedro,108310
Terri,112675
Elena,121580
Luis,132184
Angela,132883
Thomas,135046
Claudio&Irina,143180
Andres,73163
Helen,156897
Ester,158596
Bernd,159734
Oliver,164310
Sofia,175752
Bn,179110
Sebastian,179872
Tina,186851
Michaela,193038
Robert,194957
Etain,90417
Giorgio,201936
Laura,218479
Trent,258697
Clara,261953
Britta,264072
Vilius,272286
Jo,275784
Veronika,145808
Cristina,280070
Patricia,288380
Arturo,303845
Mirjam,315681
Amivelaz,323105
Dayna,337021
Atún,340570
Alex,353987
Vanessa,266650
Ariadna,366428
Hardy,382638
Juan,391014
Lisette,382031
Fatena,393047
Mercedes,401552
Xavier,431839
Oliver,437628
"Elfie And  Paul",249501
"Bernd+Katja :-)",425899
Daniela,95585
Mercedes,448981
"Angela L.",453109
Felipe,259229
Hayley,464827
Carol,81113
Pols,488151
Josep,382397
Raul,495849
Dalila,509260
"Laura / Ismael",510570
"Carlos Alberto",533936
Guillermo,534515
Bart,542540
Eva,564773
Miriam,565578
Fernando,574498
Julia,582007
Axel,584750
Oliver,590130
Ralph&Maria,594164
Yacob,557423
Kiko,603336
Michel,611847
Andre,623521
David,615805
Janasor,632589
Sebastian,635253
Kai,632971
Dolors,641496
"Jose Luis",650803
"Jose Antonio",662815
Teresa,664196
Fiona,666414
Cinthia,666482
"Gaston & Elena",696492
Evelyna,703493
Antuan,711907
Jan,712973
George,722460
Julia,728298
Marc,735823
Annais,474355
Uli,745571
Angela,750165
François,311245
Nicole,671536
Stefan,762526
Prasad,499725
Niko,772420
Sonia,780107
Marian,793429
Dirk,803717
Donna,809715
Lena,813767
Frank,814026
Onkel,815530
Eva-Marion,819384
Wolfgang,826546
Julija,833209
Christine,843558
Aaike,845790
Joscha,848965
Florian,853446
Alke,857327
Graciela,863772
"Roland & Sam",864399
Brais,852032
Ariane,882529
Jennifer,882801
Paola,784341
Juliane,893191
Julián,494228
"Josep Lluís",896554
Marina,896372
Mona,896690
Susanne,898345
Angelika-Maria,900521
Almuth,901252
Kristian,910884
Elisa,919480
Anne,923408
Rob,939077
Mónica,939590
"Luis Alberto",944355
"Christian And Verónica",944530
Ariadna,913807
Jacqueline,889228
Martin,954669
Volker,1311026
Jean-Baptiste,971540
Henrietta,749212
Teresa,440825
Rainer,977942
Rene,984036
Zoe,988693
Dimitry,998898
Alex,1004721
Katja,893138
Angelika,1004934
Gisela,1009105
Minerva,1014050
Diana,358915
Vanessa,1022663
Coco,965569
José,1031664
Thomas,1033300
Elena,1033366
Diana,669927
Gosia,1039350
Jon,1090760
Nadin,1095251
Lalita,1107206
Alexandra,1108996
Anna,706845
Janeth,1110014
Detlef,1142834
Antonie,1145078
Kelly,1156924
Kathrin,913422
Carol,1168897
Rebeca,1174648
"Cornelia Und Claudia",1195776
Hannes,1196119
Arne,956350
Christine,1205340
Michael,1209193
"Maria Teresa",1210839
Katharina,1219893
Anne,1221935
Sergio,1224008
Bernhard,1224097
Francesca,1227290
Jessica,1240184
Jutta,1244725
Jordan,1201857
Alexander,1249583
May,1250911
Jana,1254352
"María Candela",249351
Maryna,1003245
Mario,1274606
"Arne & Ute",1275795
Katharina,1276585
Johanna,933872
Martina,1289259
Laurence,1305769
Au,1306624
"Jörg Und Sara",1310272
Andrea,1310454
Otto,1314462
Renate,1318500
Enis,1003174
"Maria Angeles",1324877
Berliner,1326442
Stina,1326695
Jairo,1328204
Angelika,1337197
Agnieszka,1343263
Wolfram,1344455
Bwk,1344754
Gaby,1346383
Petrutz,1350468
Nieves,1351231
Jasmin,1352184
David,1303212
Boris,1356042
Lisa,689674
David,1363244
Pau,832875
Lutz,1365065
Javier,1367452
Markus,1355421
Al,1373873
Anastasia,1352346
Alvaro,1370007
Kitty,1392322
Antonella,1394961
Hansjörg,1395425
Mat,1395699
Abigail,1402232
"P. Oliver",1382226
Frank,1404760
"Jose Antonio",1406073
Salva,1406951
Dieter,1408921
Peter,1409188
"L. Anabel",1411715
Doris,540534
Kai,1420077
Mar,1425070
Susanne,1428703
Marta,1429552
Bil,1435994
Jade,1436010
Lola,1439853
Francisca,1443815
Annabella,1456634
Dot,1456872
Brigid,1457373
Katinka,1465582
Pe,1466005
Luca,1135836
Marta,1473247
Francesco,1475411
Amalia,1478367
Kirk,1480990
"Anne Li",1489008
"Sailing Dreams",1174446
Gudrún,1499712
Rodrigo,1505426
Dimitrios,1508025
"Tobias Und Ed",1513460
Doreen,353789
Aga,1541784
Leon,202762
Hendrik,1554470
Ann-Katrin,1560726
Andreas,870376
Irene,1570247
Imme,246890
Norman,1576481
Volker,1578131
Torsten,372612
Carlos,1561612
Mauricio,1591761
Paloma,1596220
Soledad,1598163
Kathrin,1602903
Judith,1612541
Sandra,1620743
"Rosalind  & Tino",1095831
Chris,1624693
Shay,1624988
José,1626394
"Francisco Tomas",1636378
Carla,1608447
Jose,1638945
Ursula,1625792
Sterni,1641505
"The Loft",1642180
Nine,1658050
Roberto,1661612
Kalu,1285485
Peter,1669847
Maurice,1669920
David,1673681
Joseph,1675262
Julia,1677535
Florian,1682922
Miguel,880805
Virginia,1687524
Sio,1702905
Greg,1641549
Antonio,1713273
Helena,1713427
Francisco,1714866
"Juan Manuel",1721232
Peter,1734792
"Miguel Angel & Iaia",1694537
"Jose Angel",1738288
S.,915569
Apostolos,1749470
Gisela,976581
Filippo,1753990
TaTi,1756052
Henry,1764288
Sacha,736259
Alberto,1744689
Joan,1785978
Fidel,1786501
Benjamin,1787661
"Petra Und Egbert",1792392
Catherina,1798305
Ljubomira,1799516
Katja,1809119
Simon,1820414
Ursula,1832975
Tom,1668497
Bibiana,1836617
Mires,1839136
Javier,1858083
Thomas,1867715
Anna,1868359
Olga,1871034
Lola,1895571
Jesus,1444707
Ron,1896360
Flor,1903257
Jan,399745
Volker,1908382
Montserrat,1915191
Paco,1915214
Alexander,1927655
Maria,1930520
Gareth,347279
Manel,1968590
Tanner,1780871
Katharina,1974695
Daniel,1981346
Anaís,1994169
Doris,1999892
"Daniel & Dietmar",2002727
"Amanda & Karl",1117598
Fernando,2024487
"Jose Y Ana",1973909
Magali,2032512
Roger,2034854
Björn,2035424
Ashild,2040353
Angelica,2041077
Grit,1482815
Irma,2056009
Alfonso,2068619
Luciana,1984642
Hendrik,2074622
Kris,2074943
Tobias,2089041
Anja,2094782
Victor/Paula,2116153
Lola,2134007
Nicolai,2100173
Jose,2143950
Klaus-Peter,4059665
Eric,2118555
Max,2149477
Andre,898600
Slavica,2167491
Blanca,2174063
Javier,2181314
Angel,2183595
Mallory,1280726
Diego,777327
Francesca,2204578
Georgia,2218867
Kerstin,2219552
H.,901878
Marina,2230279
Ingo,2236088
Kim,2246564
Maria,2264628
Agata,617086
Nuri,2075504
Bruna,2268672
Ilka,1981166
Stefan,2271792
Hannelore,978210
Cornelia,2280531
Nona,2296262
"Jose Manuel",2296476
Antonia,311022
"Juan Carlos",2298462
Carmen,2302267
"Lua & Carlos",2307294
Gudrun,2266593
Claudia,2017884
Fernando,2320165
"Julio And Sarah",2322563
Rodrigo,2332600
"Ciprian & Rose",1481173
"Guest House",1614471
Ingo,2353773
"Anna Micaela",2358821
Gorun,2041933
Torsten,2366664
Karlheinz,2273054
"Promociones Andreo SL",1724144
Retrome,726695
Jakob,2379817
Javi,2272146
Marias&Nacho,2391244
Nico,1928335
Alexandra,2406372
Bettina,2414178
Heinrich,2415122
Adrian,9535595
Yuho,3056582
Jean-Philippe,2426412
Manuel,2433045
Concha,2436379
Gregor,1903768
Gemma,2436735
"María & Javier",2439571
Undine,2435427
Travis,2044822
Joël,2467212
Jaime,2470700
Anne,2475800
Chema,2477022
Jordi,2484443
Rike,2494550
Nieves,1932547
Ori,1471309
Anna,2303967
Carolina,2504689
Isaac,2510499
Ruben,2517520
Roser,2534420
Adam,2537112
Pe,2538187
"Josep Mª",2540353
Ramon,1332544
Samuel,98130
"Juan Maria",2551150
Andrew,1150912
Annina,2555947
"Juan Miguel",1206797
Charles,1009636
Lida,2557466
Pilar,2570705
Stefan,2571986
Angel,2576044
Sandra,2581736
Gemma,2586242
David,2249249
"Rut Y Óscar",1134989
Regina,2604680
David,2613319
Ja,2617508
Mauricio,2619962
Frank,2621923
Ben,2625980
Caroline,2626568
Mathis,2626550
Max,2615665
Mireia,2635504
Fernando,2638282
Henrik,219690
"Happy Few Homes",2647078
Marga,2650341
Silke,2662493
Wolfgang,1026735
Sandra,2555053
Ernest,2556699
Britt,2690936
"Barbara & Patrick",2678998
Paula,2680319
Quim,2680490
Maite,2709614
Sylvia,2673517
Arancha,2702003
Rolf,2706150
Kathie,2276858
Ricardo,2689815
Lena,2711079
Inma,2659765
Belén,2713304
Dietmar,2717545
Melissa,344615
Rodrigo,2741652
Stephanie,2747795
Carolin,2746801
Federica,2756580
Sol,2764476
Mariona,2769482
"Arama & Jordi",2773231
Susanna,2780064
Adriano,2788133
Cleofas,2793529
Jordi,2794626
Pilar,2795931
Ursula,2796030
"Sauce Ena",2749662
Karen,1367370
Andres,2700806
Florian,532423
Gerd,2805604
Jeanet,2347489
Alfredo,1689652
Jarrod,265165
Miriam,2818497
Saliha,2769139
Michael,2820919
Ruthi,2833811
Claudia,2667830
Pilar,2312712
Jacobo,2836824
Nuria,2324254
Willem&Dafne,2840324
Toya,2840472
Isabel,2841625
July,2843953
Maite,75944
Joan,2846323
Andrew,2847303
Sara,2847360
Yolanda,2857508
Britta,2865743
Maria,2660281
Eva,501045
Rita,2709580
Joaquim,2879377
Lauren,1431795
"Ronit And Fred",2566589
Cristina,2895402
Leo,2900624
Pepo,2738055
Ane,2902269
Ana,2267893
Nina,2879935
Fernando,2843608
Martin,708304
"Paul & Emilie",2584681
Aidan,214457
Linda,2922816
Reiner,2929284
Papermoon,2933298
"Aleix Y Alba",2934588
Elisenda,2903982
Teresa,2940355
Erica,2941249
Tania,2955244
Valentina,2956058
Maxime,1090989
Miguel,2678039
Ilias,1629714
Lara,1567773
Imma,2968616
Yvy,2979129
Franz,944791
Raúl,2990747
"Patze & Svenko",193308
Laura,2997406
Carlos,2999728
Aurora,3010452
Hella,1328250
María,2174652
Miguel,3031754
Marc,1907484
Olaf,3041395
Martin,3049584
Sonia,3053021
"David And Iva",3061555
Lukasz,3061557
Camille,2934825
Carlos,2888630
Sarah,1086347
Luis,3062041
Andrea,3081150
Sebastian,3090292
Talia,1722353
Ainhoa,2773350
"Javi & Charo",3104711
Jens,3111255
Sophie,3111299
Florian,3134685
Momme,836165
Elly,3153767
Miguel,3155823
Ethan,576315
Martina,3099749
Anji,3175919
Annamaria,2519598
Desirée,3182737
Lu,3183149
Anton,3183826
Leia,3196093
Adriana,3171229
Maddalena,3214630
Sarah,3215015
Julia,3224132
Sascha,3224671
Gonzalo,3227035
"Sahory Ybeth",3229037
Kees,3041333
Ana,3235676
Lorenzo,3244793
Daniel,3249358
Tom,3249789
"Salas Y Oscar",3250864
Courtney,3268804
"Josep Maria",3269311
Kim,2747085
Simone,3287639
Steffen,3289936
Daphna,3301626
Franziska,3304821
"Juan Carlos",1375487
Florian,3305617
"Dieter (Giani)",3320450
"Eduardo Y Silvia",2435586
Marcel,3340090
Frédéric,3347847
Pier,3348358
Fran&Joni,3352121
Karoline,3365958
"Luis Y Ricardo",3374569
Teresa,3357515
Melissa,3358638
Pietro,3386106
Mark,3082812
Núria,3400078
Renata,2258249
Christine,3407550
"Joan Marc",3422175
Beate,3438768
Félix,3317937
Anna,3439006
Epi,3438513
Christina,3441824
Julià,2891968
Patricia,3459348
Monica,3461421
Pedro,3466426
Anja,3470183
Tina,3477255
Lisa,3478314
Claudia,3479610
Doug,33355
Eduard,3481371
KMitocondria,3487329
Xavier,1941314
Jorge,3488091
Jehan,3491102
Olgus,3498786
Claudia,1517951
Eva,3508577
Kemal,3509262
Nicole,3509616
Nadine,3513208
Jaume,3515147
Camille,2907783
Mercedes,3357259
Judith,992307
Tobias,2836526
Donia,2580074
Miguel,3544353
Roser,3019128
Jose,3021792
Hanneke,3567548
Tine,3576166
Roumiana,3565185
Rebecca,1768878
Ira,3590266
Betina,3590691
Julie,2431516
Eva,3534151
Vincent,3595382
Lorant,3602742
Emilia,3603560
Tere,3603800
"Oliver Andreas",203248
"Alexander & Monique",3611755
France,3614003
Timothy,3613549
Fokko,3605862
"Maycon & Christian",3629279
Rüdiger,3632455
Carmen,3477002
Christian,3647197
Luz,3648882
Johana,3098059
Em,12723
Montserrat,3682696
Eva,3689490
Paloma,3691303
Arman,3698406
Jessica,3699079
Luna,3701121
Luis,3705838
Vera,3714514
Mike,1954334
Stefanie,1413370
Alex,3726310
Ariadna,3732633
Xavier,3548964
Norma,2555202
Giulio,2327518
Sara,3743250
Mariola,3747503
Sven,3514423
Lisandro,3754260
Sibylle,3755786
Alex,3759135
Eva,2172169
Maaike,3775589
Flaminia,3783747
Karsten,3785472
Flavio,3786292
Tina,3465962
Jorge,2425572
Jay,3805354
Cesc,3811607
Sara,3815217
"Eva Mª",3730591
Charo,3821608
Esther,1933252
Alix,3771869
Melitta,3897971
Maria,3868307
Peret,3874266
"Lía (Rosalía)",3726119
Jeep,3886037
Carla,3889607
Lluís,3899934
Rosana,3909307
Enrique,1735664
Jaume,3913234
Carla,3920790
Marta,3922188
Catherine,3936429
"Juan Antonio",3951702
Tanja,3979953
Elen,3316798
Lidija,3966614
Domingo,3961468
Marco,3972649
Yeni,3987152
Carolina,3991313
Julia,2760681
Marta,3998859
Armand,4002679
Juan,2670977
Pilar,4012887
Renata,4011539
Maria,4032439
Ignacio,4024608
Mark,4030461
Tereza,4040261
Jo,2426083
"Angels Y Julia",4048635
Hardy,4050148
Nathan,2814963
Kai,4054170
Cornelius,4054647
May,2695144
"Anna & Vince",4063266
"Rainer & Dieuwke",4068736
Maria,4069734
Andre,4076626
Agnes,4077193
Xavier,4092116
"Evelin & Gisele",4093480
Özgür,2685171
Ben,4102579
Valentin,4104526
Michel,4112193
Alvaro,4068975
Alexander,4116607
Esther,4118311
Sigrun,4119942
Roberta,4120226
Laia,4129048
Sandra,4133039
Astrid,4136661
Alex,4137814
Luisa,124972
Pau,4145430
Jacqueline,3467911
"W. Heinz",4157059
Jasmin,4158552
Patrick,4160473
Fanny,4171310
Urs,4171324
John,3305339
Jorge,4181071
"Nico & Ines",1015808
Sebastian,3235487
Renata,4192385
Luca&Bruno,1193543
Eva,4197413
Christian,4197704
David,4203067
Sonia,4206410
Lisa,3938410
Berta,4216926
Amelie,11780
Amaranta,3317755
Hector,4230551
Marc,4230812
Jeanette,4231374
"Daniela And Mikaele",4232894
"Jordi & Manel",4232898
Hanno,4237232
Sofie,4252018
Mati,3026783
Yvonne,616921
Christian,4271173
J,2930009
Jens,4280055
Isa,1452860
Holger,4293269
Luisa,4295642
Nela,4300460
Eliza,4303613
Lawrence,427709
Charles,1341870
Frank,4310366
"Iñaki And Cathy",4311845
Claudia,4312037
Mariano,4280501
Easy,4215517
Asia,4321672
Gabriele,3808482
Caridad,2036118
Babis,4268630
Nick,486969
Magi,4086313
Martyn,3431730
Kevin,2471606
Gustavo,2203358
Katarina,4346302
Judith,4346815
Pv,1200218
Pigio,4260789
Severine,1186601
Carine,4354906
Ed,4305996
"Maria Carla",4274443
Vicente,4365768
Victoria,4190662
Jan,4374738
Jose,4310374
Andrea,4381309
Johannes,3961277
"Paloma & Luiz",4382099
María,4279976
Cristina,631951
Vinny,4402303
Henar,4404179
Angelika,4412486
Ernesto,2489796
Inaki,1432736
Lucas,4433597
Tobias,1282391
Iara,3226879
R.K.,4458114
Julio,4247556
Edina,4460420
"Paul & Marc",4480605
Daniela,4481767
Assaf,4484943
"José Manuel Y María",1791366
Christian,4502639
Belén,4503125
Suzy,1422875
Carsten,4507847
Felipe,4187032
Elisabet,3709040
José,4522970
Emilie,4525361
Mathieu,4529970
"Juan Carlos",3631892
Sabine,4551377
Laura,4557692
Erika,4569498
Laura,4312150
Kirsten,4583391
Estherlina,4589042
Ana,1221103
Dorothee,1450870
Nico,4504807
Sören,296424
Prado,4603165
Silvia,4638971
Andrew,730791
Camilla,1450795
Nigel,4649744
Anne,800780
Ute,4654308
Thomas,3094212
Silvia,3917443
Ana,4674072
Matteo,4676317
Jessica,4261436
"Maximilian Benedikt",4680255
Ofelia,4597849
Julie,4685272
Carrie,4689559
Philipp,4074700
"Jose Manuel",4697070
Jani,4545880
Bibiana,4710878
Emile,4720380
Silvia,4721756
Inma,4739098
"Juan Miguel",4740276
Mark,1467260
"Juan Pedro",4749906
Anne,4751044
"Carmen Y Marcos",4762305
Ann-Veronique,4585497
"Andrea & Yanet",4778919
Rebecca,4790602
Maria,3981757
Margarete,4520479
"N. Maria",4800774
Leonard,447160
Carles,4814875
Henning,4816840
Marga,4820099
"Hector Miguel",1331093
Iciar,4819459
Estela,4826927
Keith,4831362
Punktie,4852040
Felix,4856117
Teresa,4860266
Lena,3228770
Sandra,4840786
"Alonso Y Gemma",4895881
Emmanuel-Nico,4898134
Jessica,4905854
Uwe,4917023
"Ines & Jepis",4918438
"Juan Carlos",3408029
"Edward Mitchell",276540
Verda,4942666
Daniel,4946909
"Jorge & Angelina",1574604
Nina,4974280
Deisi,4979056
Claudio,2544960
Gracia,4164867
Steve,2769731
Thomas,2627000
Dagmar,5004390
Carme,665423
Ulrike,4685613
Persita,5035608
Ester,5044674
Clara,5044501
"Ana Luisa",5052379
"Anna Maria",5056339
Giovanna,5045046
Lola,5036026
Patricia,2331641
Francesco,5082480
Marcelo,5084073
Roger,5096271
"María Asunción",5097332
Minnet,1502580
Goro,3421854
Jorge,5114074
Nuestramérica,134673
Guillermo,1738341
"Francesc & Laura",5126902
"Joaquin Y Eva",5132742
Gio,721378
Claudia,1629448
Marc,5178840
